WFOID,IPNID,scientificName,authorship,namePublishedin,Genus,nomenclaturalStatus,originalName,originalNameAuthor
wfo-1200116557,urn:lsid:ipni.org:names:77374534-1,Primulaceae,Lysimachia congestiflora f. santapaui,(Subba Rao & M.R.Halim) Deb,Bull. Bot. Surv. India 8(1): 96. 1966 ,Lysimachia,,Primulaceae Lysimachia santapaui Subba Rao & M.R.Halim,(Subba Rao & M.R.Halim)
wfo-1000087393,urn:lsid:ipni.org:names:77374535-1,Typhaceae,Sparganium × kolymense,"A.A.Bobrov, P.Volkova, Mochalova & Chemeris",Perspect. Pl. Ecol. Evol. Syst. 60-125746: 21. 2023 [1 Jun 2023] [epublished],Sparganium,,,
wfo-1000087394,urn:lsid:ipni.org:names:77374536-1,Typhaceae,Sparganium × komandorense,"A.A.Bobrov, P.Volkova, Mochalova & Chemeris",Perspect. Pl. Ecol. Evol. Syst. 60-125746: 20. 2023 [1 Jun 2023] [epublished],Sparganium,,,
wfo-1000087395,urn:lsid:ipni.org:names:77374537-1,Typhaceae,Sparganium × sachalinense,"A.A.Bobrov, P.Volkova, Mochalova & Chemeris",Perspect. Pl. Ecol. Evol. Syst. 60-125746: 21. 2023 [1 Jun 2023] [epublished],Sparganium,,,
wfo-1000087396,urn:lsid:ipni.org:names:77374538-1,Typhaceae,Sparganium × chankense,"A.A.Bobrov, P.Volkova, Mochalova & Chemeris",Perspect. Pl. Ecol. Evol. Syst. 60-125746: 21. 2023 [1 Jun 2023] [epublished],Sparganium,,,
wfo-1000087398,urn:lsid:ipni.org:names:77374540-1,Typhaceae,Sparganium × jacuticum,"A.A.Bobrov, P.Volkova, Mochalova & Chemeris",Perspect. Pl. Ecol. Evol. Syst. 60-125746: 22. 2023 [1 Jun 2023] [epublished],Sparganium,,,
wfo-1000087399,urn:lsid:ipni.org:names:77374541-1,Typhaceae,Sparganium × naganoense,"A.A.Bobrov, P.Volkova, Mochalova & Chemeris",Perspect. Pl. Ecol. Evol. Syst. 60-125746: 22. 2023 [1 Jun 2023] [epublished],Sparganium,,,
wfo-1000087400,urn:lsid:ipni.org:names:77374542-1,Typhaceae,Sparganium × obscurum,"A.A.Bobrov, P.Volkova, Mochalova & Chemeris",Perspect. Pl. Ecol. Evol. Syst. 60-125746: 22. 2023 [1 Jun 2023] [epublished],Sparganium,,,
wfo-1000087401,urn:lsid:ipni.org:names:77374543-1,Typhaceae,Sparganium × amurense,"A.A.Bobrov, P.Volkova, Mochalova & Chemeris",Perspect. Pl. Ecol. Evol. Syst. 60-125746: 22. 2023 [1 Jun 2023] [epublished],Sparganium,,,
wfo-1000087402,urn:lsid:ipni.org:names:77374648-1,Lamiaceae,Hyptis raymondii,Antar & A.Soares,Nordic J. Bot. 2025(12)-e04917: 2. [3 Sep 2025] [epublished],Hyptis,,,
wfo-1000087403,urn:lsid:ipni.org:names:77374649-1,Lamiaceae,Hypenia filicifolia,"Antar, Faria & A.Soares",Nordic J. Bot. 2025(12)-e04917: 7. [3 Sep 2025] [epublished],Hypenia,,,
wfo-1000087404,urn:lsid:ipni.org:names:77374650-1,Crassulaceae,Sedum diversiflorum,Takuro Ito,Nordic J. Bot. 2025(12)-e04877: 13. [9 Sep 2025] [epublished],Sedum,,,
wfo-1000087409,urn:lsid:ipni.org:names:77374655-1,Araceae,Philodendron alatigeniculum,Croat & Scherber.,Aroideana 48(2): 3. 2025 [1 Sep 2025] [epublished],Philodendron,,,
wfo-1000087410,urn:lsid:ipni.org:names:77374656-1,Araceae,Philodendron altojordanense,Croat,Aroideana 48(2): 6. 2025 [1 Sep 2025] [epublished],Philodendron,,,
wfo-1000087411,urn:lsid:ipni.org:names:77374657-1,Araceae,Philodendron apiaense,Croat,Aroideana 48(2): 9. 2025 [1 Sep 2025] [epublished],Philodendron,,,
wfo-1000087412,urn:lsid:ipni.org:names:77374658-1,Araceae,Philodendron aquitanense,Croat,"Aroideana 48(2): 13. 2025 [1 Sep 2025] , as 'Philodenron aquitanense'",Philodendron,,,
wfo-1000087413,urn:lsid:ipni.org:names:77374659-1,Araceae,Philodendron barbosae,Croat & Mines,Aroideana 48(2): 18. 2025 [1 Sep 2025] [epublished],Philodendron,,,
wfo-1000087414,urn:lsid:ipni.org:names:77374660-1,Araceae,Philodendron brucehoffmanii,Croat,Aroideana 48(2): 21. 2025 [1 Sep 2025] [epublished],Philodendron,,,
wfo-1000087415,urn:lsid:ipni.org:names:77374661-1,Araceae,Philodendron cabrerae,Croat,Aroideana 48(2): 24. 2025 [1 Sep 2025] [epublished],Philodendron,,,
wfo-1000087416,urn:lsid:ipni.org:names:77374662-1,Araceae,Philodendron caldasense,Croat & Mines,Aroideana 48(2): 27. 2025 [1 Sep 2025] [epublished],Philodendron,,,
wfo-1000087417,urn:lsid:ipni.org:names:77374663-1,Araceae,Philodendron callejasii,Croat,Aroideana 48(2): 29. 2025 [1 Sep 2025] [epublished],Philodendron,,,
wfo-0001043662,urn:lsid:ipni.org:names:77374664-1,Araceae,Philodendron canutoense,Croat,Aroideana 48(2): 31. 2025 [1 Sep 2025] [epublished],Philodendron,,,
wfo-1000087418,urn:lsid:ipni.org:names:77374665-1,Iridaceae,Junopsis sect. Staintonia,"M.B.Crespo, Mart.-Azorín & Mavrodiev",Phytotaxa 232(1): 55. 2015 [28 Oct 2015] [epublished],Junopsis,,,
wfo-1000087419,urn:lsid:ipni.org:names:77374666-1,Convallariaceae,Polygonatum dabieshanense,"B.X.Han, S.Y.Yi & X.W.Song","PhytoKeys 269: 36. 2026 [6 Jan 2026] , as 'dabieshanensis'",Polygonatum,,,
wfo-1000087420,urn:lsid:ipni.org:names:77374668-1,Araceae,Philodendron carmenense,Croat,Aroideana 48(2): 34. 2025 [1 Sep 2025] [epublished],Philodendron,,,
wfo-1000087421,urn:lsid:ipni.org:names:77374669-1,Araceae,Philodendron chigorodoense,Croat,Aroideana 48(2): 38. 2025 [1 Sep 2025] [epublished],Philodendron,,,
wfo-1000087422,urn:lsid:ipni.org:names:77374670-1,Araceae,Philodendron chiguindense,Croat,Aroideana 48(2): 43. 2025 [1 Sep 2025] [epublished],Philodendron,,,
wfo-1000087423,urn:lsid:ipni.org:names:77374671-1,Araceae,Philodendron cintuense,Croat & Mines,Aroideana 48(2): 44. 2025 [1 Sep 2025] [epublished],Philodendron,,,
wfo-1000087424,urn:lsid:ipni.org:names:77374672-1,Araceae,Philodendron cornejoi,Croat & Mines,Aroideana 48(2): 49. 2025 [1 Sep 2025] [epublished],Philodendron,,,
wfo-1000087425,urn:lsid:ipni.org:names:77374673-1,Araceae,Philodendron corazonense,Croat,Aroideana 48(2): 52. 2025 [1 Sep 2025] [epublished],Philodendron,,,
wfo-1000087426,urn:lsid:ipni.org:names:77374674-1,Araceae,Philodendron cuyabenoense,Croat,Aroideana 48(2): 54. 2025 [1 Sep 2025] [epublished],Philodendron,,,
wfo-1000087427,urn:lsid:ipni.org:names:77374675-1,Araceae,Philodendron decipiens,Croat & Mines,Aroideana 48(2): 56. 2025 [1 Sep 2025] [epublished],Philodendron,,,
wfo-1000087428,urn:lsid:ipni.org:names:77374676-1,Araceae,Philodendron diazii,Croat & Mines,Aroideana 48(2): 60. 2025 [1 Sep 2025] [epublished],Philodendron,,,
wfo-1000087429,urn:lsid:ipni.org:names:77374677-1,Araceae,Philodendron dodbenziorum,Croat,Aroideana 48(2): 62. 2025 [1 Sep 2025] [epublished],Philodendron,,,
wfo-1000087430,urn:lsid:ipni.org:names:77374678-1,Araceae,Philodendron echeverryae,Croat,Aroideana 48(2): 65. 2025 [1 Sep 2025] [epublished],Philodendron,,,
wfo-1000087431,urn:lsid:ipni.org:names:77374679-1,Araceae,Philodendron espinoense,Croat & Mines,Aroideana 48(2): 68. 2025 [1 Sep 2025] [epublished],Philodendron,,,
wfo-1000087432,urn:lsid:ipni.org:names:77374680-1,Araceae,Philodendron fusagasugense,Croat,Aroideana 48(2): 73. 2025 [1 Sep 2025] [epublished],Philodendron,,,
wfo-1000087433,urn:lsid:ipni.org:names:77374681-1,Araceae,Philodendron gabmontoyae,Croat,Aroideana 48(2): 75. 2025 [1 Sep 2025] [epublished],Philodendron,,,
wfo-0001043771,urn:lsid:ipni.org:names:77374682-1,Araceae,Philodendron galapagoense,Croat & Mines,Aroideana 48(2): 78. 2025 [1 Sep 2025] [epublished],Philodendron,,,
wfo-1000087434,urn:lsid:ipni.org:names:77374683-1,Araceae,Philodendron galeanoae,Croat & M.M.Mora,Aroideana 48(2): 80. 2025 [1 Sep 2025] [epublished],Philodendron,,,
wfo-1000087435,urn:lsid:ipni.org:names:77374684-1,Araceae,Philodendron gamboae,Croat & Mines,Aroideana 48(2): 83. 2025 [1 Sep 2025] [epublished],Philodendron,,,
wfo-1000087436,urn:lsid:ipni.org:names:77374685-1,Araceae,Philodendron gracilipedunculatum,Croat,Aroideana 48(2): 85. 2025 [1 Sep 2025] [epublished],Philodendron,,,
wfo-1000087437,urn:lsid:ipni.org:names:77374686-1,Araceae,Philodendron herbertsmithii,Croat,Aroideana 48(2): 90. 2025 [1 Sep 2025] [epublished],Philodendron,,,
wfo-1000087438,urn:lsid:ipni.org:names:77374687-1,Araceae,Philodendron hoyosii,Croat,Aroideana 48(2): 92. 2025 [1 Sep 2025] [epublished],Philodendron,,,
wfo-1000087444,urn:lsid:ipni.org:names:77374693-1,Araceae,Philodendron jacomei,"Croat, M.M.Mora & Mines",Aroideana 48(2): 95. 2025 [1 Sep 2025] [epublished],Philodendron,,,
wfo-0001043845,urn:lsid:ipni.org:names:77374694-1,Araceae,Philodendron jeguadasense,Croat,Aroideana 48(2): 98. 2025 [1 Sep 2025] [epublished],Philodendron,,,
wfo-1000087445,urn:lsid:ipni.org:names:77374695-1,Araceae,Philodendron juancarlosii,Croat,Aroideana 48(2): 101. 2025 [1 Sep 2025] [epublished],Philodendron,,,
wfo-1000087446,urn:lsid:ipni.org:names:77374696-1,Araceae,Philodendron macdougalii,Croat,Aroideana 48(2): 103. 2025 [1 Sep 2025] [epublished],Philodendron,,,
wfo-1000087447,urn:lsid:ipni.org:names:77374697-1,Araceae,Philodendron maraense,Croat & Mines,Aroideana 48(2): 107. 2025 [1 Sep 2025] [epublished],Philodendron,,,
wfo-1000087448,urn:lsid:ipni.org:names:77374698-1,Araceae,Philodendron mayroense,Croat,Aroideana 48(2): 109. 2025 [1 Sep 2025] [epublished],Philodendron,,,
wfo-1000087449,urn:lsid:ipni.org:names:77374699-1,Araceae,Philodendron nigriattenuatum,Croat,Aroideana 48(2): 114. 2025 [1 Sep 2025] [epublished],Philodendron,,,
wfo-1000087450,urn:lsid:ipni.org:names:77374700-1,Araceae,Philodendron puebloricense,Croat,Aroideana 48(2): 116. 2025 [1 Sep 2025] [epublished],Philodendron,,,
wfo-1000087451,urn:lsid:ipni.org:names:77374701-1,Araceae,Philodendron yaranaense,Croat & Mines,Aroideana 48(2): 117. 2025 [1 Sep 2025] [epublished],Philodendron,,,
wfo-1000087452,urn:lsid:ipni.org:names:77374702-1,Araceae,Anthurium constantinoi,A.Hay & López-Flor.,Aroideana 48(2): 136. 2025 [1 Sep 2025] [epublished],Anthurium,,,
wfo-1000087454,urn:lsid:ipni.org:names:77374704-1,Primulaceae,Lysimachia longiracemosa,Y.H.Tan & Z.X.Ma,Taiwania 71(1): 33. 2026 [4 Jan 2026] [epublished],Lysimachia,,,
wfo-1000083510,urn:lsid:ipni.org:names:77374705-1,Asclepiadaceae,Secamone fenixii,(Schltr. ex Tsiang) Klack.,Blumea 69(3): 232. 2024 [5 Dec 2024] [epublished],Secamone,,Asclepiadaceae Toxocarpus fenixii Schltr. ex Tsiang,(Schltr. ex Tsiang)
wfo-1000083513,urn:lsid:ipni.org:names:77374706-1,Asclepiadaceae,Secamone glauca,(Decne.) Klack.,Blumea 69(3): 235. 2024 [5 Dec 2024] [epublished],Secamone,,Asclepiadaceae Toxocarpus glaucus Decne.,(Decne.)
wfo-1000083515,urn:lsid:ipni.org:names:77374708-1,Asclepiadaceae,Secamone loheri,(Schltr.) Klack.,Blumea 63(3): 238. 2024 [5 Dec 2024] [epublished],Secamone,,Asclepiadaceae Toxocarpus loheri Schltr.,(Schltr.)
wfo-1000083517,urn:lsid:ipni.org:names:77374709-1,Asclepiadaceae,Secamone merrillii,(Schltr.) Klack.,Blumea 63(3): 241. 2024 [5 Dec 2024] [epublished],Secamone,,Asclepiadaceae Toxocarpus merrillii Schltr.,(Schltr.)
wfo-1000083520,urn:lsid:ipni.org:names:77374710-1,Asclepiadaceae,Secamone radiata,(Tsiang) Klack.,Blumea 69(3): 246. 2024 [5 Dec 2024] [epublished],Secamone,,Asclepiadaceae Toxocarpus glaucus Decne. var. radiatus Tsiang,(Tsiang)
wfo-1000083507,urn:lsid:ipni.org:names:77374713-1,Asclepiadaceae,Secamone commutata,Klack.,Blumea 69(3): 224. 2024 [5 Dec 2024] [epublished],Secamone,,,
wfo-1000083508,urn:lsid:ipni.org:names:77374714-1,Asclepiadaceae,Secamone crenata,Klack.,Blumea 69(3): 226. 2024 [5 Dec 2024] [epublished],Secamone,,,
wfo-1000083509,urn:lsid:ipni.org:names:77374717-1,Asclepiadaceae,Secamone edanoi,Klack.,Blumea 69(3): 227. 2024 [5 Dec 2024] [epublished],Secamone,,,
wfo-1000083511,urn:lsid:ipni.org:names:77374718-1,Asclepiadaceae,Secamone fusiformis,Klack.,Blumea 69(3): 232. 2024 [5 Dec 2024] [epublished],Secamone,,,
wfo-1000083512,urn:lsid:ipni.org:names:77374719-1,Asclepiadaceae,Secamone glandulifera,Klack.,Blumea 69(3): 232. 2024 [5 Dec 2024] [epublished],Secamone,,,
wfo-1200114058,urn:lsid:ipni.org:names:77374720-1,Asclepiadaceae,Toxocarpus merrillii f. leptus,Tsiang,Sunyatsenia 4: 67. 1939 ,Toxocarpus,,,
wfo-1000083514,urn:lsid:ipni.org:names:77374721-1,Asclepiadaceae,Secamone lepta,(Tsiang) Klack.,Blumea 69(3): 235. 2024 [5 Dec 2024] [epublished],Secamone,,Asclepiadaceae Toxocarpus merrillii Schltr. f. leptus Tsiang,(Tsiang)
wfo-1000083516,urn:lsid:ipni.org:names:77374722-1,Asclepiadaceae,Secamone luzonensis,Klack.,Blumea 63(3): 238. 2024 [5 Dec 2024] [epublished],Secamone,,,
wfo-1000087457,urn:lsid:ipni.org:names:77374723-1,Araceae,Hayarum albispathum,(Bogner) K.Z.Hein & Saensouk,Aroideana 48(2): 185. 2025 [1 Sep 2025] [epublished],Hayarum,,Araceae Typhonium albispathum Bogner,(Bogner)
wfo-1000083518,urn:lsid:ipni.org:names:77374724-1,Asclepiadaceae,Secamone mindanaensis,Klack.,Blumea 63(3): 246. 2024 [5 Dec 2024] [epublished],Secamone,,,
wfo-1000083519,urn:lsid:ipni.org:names:77374725-1,Asclepiadaceae,Secamone pyriformis,Klack.,Blumea 63(3): 246. 2024 [5 Dec 2024] [epublished],Secamone,,,
wfo-1000087458,urn:lsid:ipni.org:names:77374726-1,Araceae,Anthurium hootenii,Croat,Aroideana 48(2): 189. 2025 [1 Sep 2025] [epublished],Anthurium,,,
wfo-1000087459,urn:lsid:ipni.org:names:77374727-1,Araliaceae,Heptapleurum karsticola,"Kongx., Tak.Yamam. & Tagane",Phytotaxa 737(1): 4. 2026 [7 Jan 2026] [epublished],Heptapleurum,,,
wfo-1000087460,urn:lsid:ipni.org:names:77374728-1,Araliaceae,Trevesia laotica,"Kongx., Soulad. & Tagane",Phytotaxa 737(1): 7. 2026 [7 Jan 2026] [epublished],Trevesia,,,
wfo-0001105685,urn:lsid:ipni.org:names:77374730-1,Primulaceae,Lysimachia congestiflora var. atronervata,C.C.Wu,"Acta Phytotax. Sin. 9(4): 314. 1964 [Oct 1964] , as 'atro nervata'",Lysimachia,,,
wfo-1000087463,urn:lsid:ipni.org:names:77374736-1,Crassulaceae,Echeveria oswaldoana,J.Reyes & Islas,"Avonia 43(3): 180. 2025 , as 'oswaldiana'",Echeveria,"Epithet amended as per Art. 60.10, Ex. 38. ICN (2025).",,
wfo-1000087464,urn:lsid:ipni.org:names:77374737-1,Crassulaceae,Echeveria adrianae,"J.Reyes, O.Anguiano & Islas",Avonia 43(3): 186. 2025 ,Echeveria,,,
wfo-1000087465,urn:lsid:ipni.org:names:77374738-1,Crassulaceae,Echeveria mutisii,"J.Reyes, O.Anguiano & Gir.-Cañas",Avonia 43(3): 190. 2025 ,Echeveria,,,
wfo-1000087466,urn:lsid:ipni.org:names:77374739-1,Crassulaceae,Echeveria boyacaensis,"J.Reyes, Islas & O.Anguiano",Avonia 43(3): 190. 2025 ,Echeveria,,,
wfo-1000087470,urn:lsid:ipni.org:names:77374746-1,Loranthaceae,Phragmanthera bidaultii,Libalah & O.Lachenaud,Pl. Ecol. Evol. 159(1): 28. 2026 [19 Jan 2026] [epublished],Phragmanthera,,,
wfo-1000087473,urn:lsid:ipni.org:names:77374749-1,Lamiaceae,Paraphlomis aristata,"Tandang, Calaramo & Bucay",Phytotaxa 737(2): 79. 2026 [9 Jan 2026] [epublished],Paraphlomis,,,
wfo-1000087484,urn:lsid:ipni.org:names:77374762-1,Piperaceae,Peperomia kauaiana,K.R.Wood & W.L.Wagner,PhytoKeys 269: 114. 2026 [12 Jan 2026] [epublished],Peperomia,,,
wfo-1000087496,urn:lsid:ipni.org:names:77374775-1,Araceae,Arisaema calciphilum,R.E.Wyatt & A.H.Stoneb.,Aroideana 48(3): 7. 2025 [23 Dec 2025] [epublished],Arisaema,,,
wfo-1000087501,urn:lsid:ipni.org:names:77374780-1,Araceae,Arisaema allegheniense,R.E.Wyatt & A.H.Stoneb.,Aroideana 48(3): 16. 2025 [23 Dec 2025] [epublished],Arisaema,,,
wfo-1000087504,urn:lsid:ipni.org:names:77374783-1,Araceae,Arisaema striatum,R.E.Wyatt & A.H.Stoneb.,Aroideana 48(3): 23. 2025 [23 Dec 2025] [epublished],Arisaema,,,
wfo-1000087508,urn:lsid:ipni.org:names:77374787-1,Araceae,Arisaema purpurascens,R.E.Wyatt & A.H.Stoneb.,Aroideana 48(3): 31. 2025 [23 Dec 2025] [epublished],Arisaema,,,
wfo-1000087509,urn:lsid:ipni.org:names:77374788-1,Araceae,Anthurium tenuilaminum,Enik. & Croat,Aroideana 48(3): 62. 2025 [23 Dec 2025] [epublished],Anthurium,,,
wfo-1000087510,urn:lsid:ipni.org:names:77374789-1,Araceae,Anthurium obtusicataphyllum,"Croat, Enik. & Loayza",Aroideana 48(3): 71. 2025 [23 Dec 2025] [epublished],Anthurium,,,
wfo-1000087511,urn:lsid:ipni.org:names:77374790-1,Araceae,Anthurium chlorinum,Croat,Aroideana 48(3): 99. 2025 [23 Dec 2025] [epublished],Anthurium,,,
wfo-1000087520,urn:lsid:ipni.org:names:77374799-1,Araceae,Anthurium christophiae,Croat,Aroideana 48(3): 104. 2025 [23 Dec 2025] [epublished],Anthurium,,,
wfo-1000087523,urn:lsid:ipni.org:names:77374802-1,Araceae,Anthurium citriodorum,Croat,Aroideana 48(3): 111. 2025 [23 Dec 2025] [epublished],Anthurium,,,
wfo-1000087539,urn:lsid:ipni.org:names:77374818-1,Araceae,Anthurium clariceguaniae,Croat,Aroideana 48(3): 114. 2025 [23 Dec 2025] [epublished],Anthurium,nom. inval.    Contrary to Art. 40.5. ICN (2025). No single institution in which the type is conserved was specified (two institutions cited).,,
wfo-1000087541,urn:lsid:ipni.org:names:77374821-1,Verbenaceae,Stachytarpheta forzzae,P.H.Cardoso & Salimena,Nordic J. Bot. 2026(x)-e05128: 3. 2025 [6 Dec 2025] [epublished],Stachytarpheta,,,
wfo-1200116563,urn:lsid:ipni.org:names:77374825-1,Lamiaceae,Dysophylla auricularia var. montana,Ridl.,J. Malayan Branch Roy. Asiat. Soc. 1(no. 87): 85. 1923 [Apr 1923] ,Dysophylla,,,
wfo-1200116660,urn:lsid:ipni.org:names:77374960-1,Lecythidaceae,Barringtonia inclyta,(Miers) Ridl.,J. Straits Branch Roy. Asiat. Soc. 33: 83. 1900 ,Barringtonia,,Lecythidaceae Butonica inclyta Miers,(Miers)
wfo-1000087573,urn:lsid:ipni.org:names:77374961-1,Araceae,Colocasia sookchaloemiae,Chatan & Promprom,PhytoKeys 269: 132. 2026 [13 Jan 2026] [epublished],Colocasia,,,
wfo-1000087575,urn:lsid:ipni.org:names:77374963-1,Lamiaceae,Clerodendrum kelli,"R.Bustam., A.B.Tobias & Ples",Gard. Bull. Singapore 77(2): 227. 2025 [Nov 2025] [epublished],Clerodendrum,,,
wfo-1000086572,urn:lsid:ipni.org:names:77374966-1,Asclepiadaceae,Hoya dawodiensis,"Sahani, Rodda, Pertin & Chowlu",Gard. Bull. Singapore 77(2): 270. 2025 [Nov 2025] [epublished],Hoya,,,
wfo-1000087579,urn:lsid:ipni.org:names:77374968-1,Capparaceae,Capparis rupicola,Fici & Sy,Blumea 69(3): 271. 2025 [2024 publ. 17 Oct 2025] [epublished],Capparis,,,
wfo-1200116661,urn:lsid:ipni.org:names:77374971-1,Betulaceae,Alnus communis,Mirb.,"Traité Arbr. Arbust. (Duhamel), nouv. éd. 2: 212, t. 64. 1804 ",Alnus,,,
wfo-1000087581,urn:lsid:ipni.org:names:77374978-1,Rosaceae,Malus calvillea,Desf. ex Laun.,Bon Jard. 1806: 124. ,Malus,,,
wfo-1200116663,urn:lsid:ipni.org:names:77374979-1,Lecythidaceae,Barringtonia butonica,Cuzent,Tahiti [Cuzent] 213. 1860 ,Barringtonia,,,
wfo-1200116664,urn:lsid:ipni.org:names:77374982-1,Lamiaceae,Thymus striatus subsp. interruptus,(Jalas) Bartolucci,Willdenowia 55(1): 302. 2025 [3 Sep 2025] [epublished],Thymus,,Lamiaceae Thymus striatus Vahl var. interruptus Jalas,(Jalas)
wfo-1000087584,urn:lsid:ipni.org:names:77374983-1,Verbenaceae,Tamonea australis,(Moldenke) P.H.Cardoso,Willdenowia 55(1): 360. 2025 [30 Oct 2025] [epublished],Tamonea,,Verbenaceae Ghinia curassavica (L.) Oken var. australis Moldenke,(Moldenke)
wfo-1000087585,urn:lsid:ipni.org:names:77374984-1,Verbenaceae,Tamonea maxima,P.H.Cardoso,Willdenowia 55(1): 365. 2025 [30 Oct 2025] [epublished],Tamonea,,,
wfo-1000087586,urn:lsid:ipni.org:names:77374985-1,Verbenaceae,Tamonea parvifolia,(Moldenke) P.H.Cardoso,Willdenowia 55(1): 368. 2025 [30 Oct 2025] [epublished],Tamonea,,Verbenaceae Ghinia curassavica (L.) Oken f. parvifolia Moldenke,(Moldenke)
wfo-1000087587,urn:lsid:ipni.org:names:77374986-1,Verbenaceae,Tamonea pubescens,P.H.Cardoso,Willdenowia 55(1): 369. 2025 [30 Oct 2025] [epublished],Tamonea,,,
wfo-1200116665,urn:lsid:ipni.org:names:77374987-1,Rhamnaceae,Paliurus aculeatus,Desf.,Fl. Atlant. 1: 199. 1798 ,Paliurus,nom. superfl.,,
wfo-1000087588,urn:lsid:ipni.org:names:77374994-1,Lauraceae,Aiouea triplinervis,(Griseb.) Lorea-Hern.,Fl. Mesoamer. 2(1): 144. 2025 [Nov 2025] ,Aiouea,,Lauraceae Phoebe triplinervis Griseb.,(Griseb.)
wfo-0000774967,urn:lsid:ipni.org:names:77375044-1,Lecythidaceae,Barringtonia racemosa var. subcuneata,Miq.,Fl. Ned. Ind. 1(1): 486. 1855 ,Barringtonia,,,
wfo-4100006381,urn:lsid:ipni.org:names:77375060-1,Lecythidaceae,subfam. Planchonioideae,Nied.,Nat. Pflanzenfam. [Engler & Prantl] 3(7): 29-30. 1892 [Jun 1892] ,,,,
wfo-1200116571,urn:lsid:ipni.org:names:77375061-1,Actinidiaceae,Saurauia naumannii var. longipedunculata,Kaneh. & Hatus.,Bot. Mag. (Tokyo) 57: 70. 1943 [20 Feb 1943] ,Saurauia,,,
wfo-1000087607,urn:lsid:ipni.org:names:77375064-1,Alliaceae,Allium paludicola,"Z.H.Chen, Yue L.Xu & J.F.Wang",Phytotaxa 737(3): 142. 2026 [14 Jan 2026] [epublished],Allium,,,
wfo-1200116689,urn:lsid:ipni.org:names:77375076-1,Isoetaceae,Isoetes flaccida subsp. chapmanii,(Engelm.) D.F.Brunt. & Kartesz,Consp. North Amer. Isoet. 1: 28. 2025 [15 Sep 2025] ,Isoetes,,Isoetaceae Isoetes flaccida Shuttlew. ex A.Braun var. chapmanii Engelm.,(Engelm.)
wfo-1200116572,urn:lsid:ipni.org:names:77375077-1,Isoetaceae,Isoetes lacustris subsp. macrospora,(Durieu) D.F.Brunt. & Kartesz,Consp. North Amer. Isoet. 1:46. 2025 [15 Sep 2025] ,Isoetes,,Isoetaceae Isoetes macrospora Durieu,(Durieu)
wfo-1200116573,urn:lsid:ipni.org:names:77375078-1,Isoetaceae,Isoetes melanopoda subsp. mississippiensis,"(S.W.Leonard, W.C.Taylor, Musselman & R.D.Bray) D.F.Brunt. & Kartesz",Consp. North Amer. Isoet. 1:60. 2025 [15 Sep 2025] ,Isoetes,,"Isoetaceae Isoetes mississippiensis S.W.Leonard, W.C.Taylor, Musselman & R.D.Bray","(S.W.Leonard, W.C.Taylor, Musselman & R.D.Bray)"
wfo-1200116690,urn:lsid:ipni.org:names:77375079-1,Isoetaceae,Isoetes riparia subsp. reticulata,(A.A.Eaton) D.F.Brunt. & Kartesz,Consp. North Amer. Isoet. 1:80. 2025 [15 Sep 2025] ,Isoetes,,Isoetaceae Isoetes saccharata Engelm. in A.Gray var. reticulata A.A.Eaton,(A.A.Eaton)
wfo-1200116691,urn:lsid:ipni.org:names:77375080-1,Sterculiaceae,Mahernia odorata,Andrews,Bot. Repos. 2: t. 85. 1800 [Feb 1800] ,Mahernia,,,
wfo-1000087614,urn:lsid:ipni.org:names:77375081-1,Berberidaceae,Berberis kiukiangensis,C.Y.Wu,Fl. Dulongjian Reg. 66. 1993 ,Berberis,"nom. inval.    , without latin descr. or type (1993).",,
wfo-1200116692,urn:lsid:ipni.org:names:77375082-1,Rosaceae,Rosa inermis,Andrews,Roses 2: t. 88. 1806 ,Rosa,,,
wfo-1000087615,urn:lsid:ipni.org:names:77375083-1,Scrophulariaceae,Orobanche sideritidis,"Huter, Porta & Rigo",Oesterr. Bot. Z. 57: 354. 1907 [Sep 1907] ,Orobanche,,,
wfo-1200116574,urn:lsid:ipni.org:names:77375084-1,Scrophulariaceae,Orobanche teucrii subsp. sideritidis,"(Huter, Porta & Rigo) Ó.Sánchez & Piwow.",Acta Soc. Bot. Poloniae 94-202669: 16. 2025 [26 Jun 2025] [epublished],Orobanche,,"Scrophulariaceae Orobanche sideritidis Huter, Porta & Rigo","(Huter, Porta & Rigo)"
wfo-1200116693,urn:lsid:ipni.org:names:77375085-1,Geraniaceae,Geranium speciosum,Andrews,Geraniums 2: t. 114. 1805 ,Geranium,,,
wfo-1200038351,urn:lsid:ipni.org:names:77375086-1,Scrophulariaceae,Orobanche aegyptiaca var. lanuginosa,Maire,Bull. Soc. Hist. Nat. Afrique N. 26: 220. 1935 [Jul 1935] ,Orobanche,,,
wfo-1200116575,urn:lsid:ipni.org:names:77375087-1,Scrophulariaceae,Phelipanche reuteriana var. lanuginosa,(Maire) Ó.Sánchez & Piwow.,Acta Soc. Bot. Poloniae 94-202669: 20. 2025 [26 Jun 2025] [epublished],Phelipanche,,Scrophulariaceae Orobanche aegyptiaca Pers. var. lanuginosa Maire,(Maire)
wfo-1200116576,urn:lsid:ipni.org:names:77375088-1,Geraniaceae,Geranium speciosum var. flore-purpureo,Andrews,"Geraniums 2: t. 115. 1805 , as 'flore purpureo'",Geranium,,,
wfo-1200116577,urn:lsid:ipni.org:names:77375092-1,Cucurbitaceae,Luffa aegyptiaca var. alba,R.C.Misra,Adansonia 47(17): 314. 2025 [27 Oct 2025] [epublished],Luffa,,,
wfo-1000087620,urn:lsid:ipni.org:names:77375095-1,Lauraceae,Neocinnamomum macrocarpum,"(Wen B.Xu & B.S.Xia) Bing Liu, Wei L.Lin & Wen B.Xu",PhytoKeys 269: 211. 2026 [16 Jan 2026] [epublished],Neocinnamomum,,Lauraceae Neocinnamomum caudatum (Nees) Merr. var. macrocarpum Wen B.Xu & B.S.Xia,(Wen B.Xu & B.S.Xia)
wfo-1000087621,urn:lsid:ipni.org:names:77375096-1,Lauraceae,Neocinnamomum citratum,"C.Y.Deng, Bing Liu & Wei L.Lin",PhytoKeys 269: 213. 2026 [16 Jan 2026] [epublished],Neocinnamomum,,,
wfo-1200116579,urn:lsid:ipni.org:names:77375099-1,Aloaceae,Aloe subacutissima subsp. amboahangyensis,(Rebmann) J.-B.Castillon & J.-P.Castillon,Adansonia 47(23): 369. 2025 [17 Dec 2025] [epublished],Aloe,,Aloaceae Aloe deltoideodonta Baker subsp. amboahangyensis Rebmann,(Rebmann)
wfo-1200116580,urn:lsid:ipni.org:names:77375100-1,Aloaceae,Aloe subacutissima subsp. esomonyensis,(Rebmann) J.-B.Castillon & J.-P.Castillon,Adansonia 47(23): 369. 2025 [17 Dec 2025] [epublished],Aloe,,Aloaceae Aloe deltoideodonta Baker subsp. esomonyensis Rebmann,(Rebmann)
wfo-1200116581,urn:lsid:ipni.org:names:77375101-1,Aloaceae,Aloe subacutissima subsp. ruffingiana,(Rauh & Petignat) J.-B.Castillon & J.-P.Castillon,Adansonia 47(23): 369. 2025 [17 Dec 2025] [epublished],Aloe,,Aloaceae Aloe ruffingiana Rauh & Petignat,(Rauh & Petignat)
wfo-0000426503,urn:lsid:ipni.org:names:77375102-1,Violaceae,Viola × commutata,Waisb.,Oesterr. Bot. Z. 45(4): 144. 1895 [Apr 1895] ,Viola,,,
wfo-1000087623,urn:lsid:ipni.org:names:77375103-1,Aloaceae,Aloe albescens,J.-B.Castillon & J.-P.Castillon,Adansonia 47(23): 369. 2025 [17 Dec 2025] [epublished],Aloe,,,
wfo-1200116582,urn:lsid:ipni.org:names:77375104-1,Aloaceae,Aloe albescens var. fallax,(J.-B.Castillon) J.-B.Castillon & J.-P.Castillon,Adansonia 47(23): 373. 2025 [17 Dec 2025] [epublished],Aloe,,Aloaceae Aloe deltoideodonta Baker var. fallax J.-B.Castillon,(J.-B.Castillon)
wfo-1000087624,urn:lsid:ipni.org:names:77375105-1,Aloaceae,Aloe andavakana,J.-B.Castillon & J.-P.Castillon,Adansonia 47(23): 373. 2025 [17 Dec 2025] [epublished],Aloe,,,
wfo-1000087629,urn:lsid:ipni.org:names:77375111-1,Gentianaceae,Gentiana dulongensis,H.Li,Fl. Dulongjian Reg. 273. 1993 ,Gentiana,"nom. inval.    , without latin descr. or type (1993).",,
wfo-1000087634,urn:lsid:ipni.org:names:77375117-1,Araceae,Biarum alka-galalicum,"Balos, C.Çeçen, Galalaey & Shaban",Ann. Bot. Fenn. 62(1): 264. 2025 [8 Oct 2025] [epublished],Biarum,,,
wfo-1000087637,urn:lsid:ipni.org:names:77375120-1,Santalaceae,Thesium hiernianum,Idrees & J.M.H.Shaw,Ann. Bot. Fenn. 62(1): 291. 2025 [29 Oct 2025] [epublished],Thesium,,,
wfo-1200116585,urn:lsid:ipni.org:names:77375124-1,Iridaceae,Iris kemaonensis var. duthiei,(Foster) Bahali,Fl. India 27: 289. 2025 [13 Feb 2025] ,Iris,,Iridaceae Iris duthiei Foster,(Foster)
wfo-1200116694,urn:lsid:ipni.org:names:77375125-1,Araceae,Anthurium palmatum,(L.) Kunth,Enum. Pl. [Kunth] 3: 80. 1841 ,Anthurium,isonym,Araceae Pothos palmatus L.,(L.)
wfo-1000087641,urn:lsid:ipni.org:names:77375126-1,Amaryllidaceae,Lycoris × xiui,"S.Y.Zhang, Ying F.Hu & J.W.Shao",PhytoKeys 269: 229. 2026 [16 Jan 2026] [epublished],Lycoris,,,
wfo-1000087642,urn:lsid:ipni.org:names:77375127-1,Primulaceae,Lysimachia xishuiensis,X.X.Bai & Xiao Wang bis,Phytotaxa 737(4): 238. 2026 [16 Jan 2026] [epublished],Lysimachia,,,
wfo-1000087645,urn:lsid:ipni.org:names:77375130-1,Asclepiadaceae,Vincetoxicum jinshaense,X.D.Ma & J.Y.Shen,Ann. Bot. Fenn. 62(1): 328. 2025 [18 Nov 2025] [epublished],Vincetoxicum,,,
wfo-1200116695,urn:lsid:ipni.org:names:77375132-1,Bromeliaceae,Vriesea heliconioides,(Kunth) É.Morren,"Ill. Hort. 30: 105, t. 490. 1883 ",Vriesea,,Bromeliaceae Tillandsia heliconioides Kunth,(Kunth)
wfo-0000602600,urn:lsid:ipni.org:names:77375133-1,Bromeliaceae,Vriesea heliconioides,(Kunth) Hook. ex Walp.,Ann. Bot. Syst. 3: 623. 1852 ,Vriesea,,Bromeliaceae Tillandsia heliconioides Kunth,(Kunth)
wfo-1000087648,urn:lsid:ipni.org:names:77375135-1,Theaceae,Camellia perpetua,S.Ye Liang & L.D.Huang,Guangdong Yuanlin 2014(1): 69. ,Camellia,,,
wfo-1200116586,urn:lsid:ipni.org:names:77375138-1,Euphorbiaceae,Pierardia pubera var. tomentella,Miq.,"Fl. Ned. Ind., Eerste Bijv. 442. 1861 ",Pierardia,,,
wfo-1000087650,urn:lsid:ipni.org:names:77375144-1,Myristicaceae,Virola narcotica,W.A.Rodrigues ex D.Santam. & J.M.Vélez,J. Bot. Res. Inst. Texas 19(3): 186. 2025 [23 Sep 2025] [epublished],Virola,,,
wfo-1000087652,urn:lsid:ipni.org:names:77375146-1,Iridaceae,Gelasine aureistaminata,Deble,Balduinia 76: 26. 2026 [19 Jan 2026] [epublished],Gelasine,,,
wfo-1000087653,urn:lsid:ipni.org:names:77375147-1,Iridaceae,Sphenostigma giganteum,(Ravenna) Deble,Balduinia 76: 36. 2026 [19 Jan 2026] [epublished],Sphenostigma,,Iridaceae Gelasine gigantea Ravenna,(Ravenna)
wfo-1200116587,urn:lsid:ipni.org:names:77375148-1,Iridaceae,Sphenostigma giganteum subsp. flexitepalum,(Ravenna) Deble,Balduinia 76: 36. 2026 [19 Jan 2026] [epublished],Sphenostigma,,Iridaceae Gelasine gigantea Ravenna subsp. flexitepala Ravenna,(Ravenna)
wfo-1000087654,urn:lsid:ipni.org:names:77375149-1,Iridaceae,Sphenostigma paranaense,(Ravenna) Deble,Balduinia 76: 36. 2026 [19 Jan 2026] [epublished],Sphenostigma,,Iridaceae Gelasine paranaensis Ravenna,(Ravenna)
wfo-1000087655,urn:lsid:ipni.org:names:77375150-1,Iridaceae,Sphenostigma rigidum,(Ravenna) Deble,Balduinia 76: 36. 2026 [19 Jan 2026] [epublished],Sphenostigma,,Iridaceae Gelasine rigida Ravenna,(Ravenna)
wfo-1000087656,urn:lsid:ipni.org:names:77375151-1,Iridaceae,Sphenostigma uruguaiense,(Ravenna) Deble,Balduinia 76: 38. 2026 [19 Jan 2026] [epublished],Sphenostigma,,Iridaceae Gelasine uruguaiensis Ravenna,(Ravenna)
wfo-1200116588,urn:lsid:ipni.org:names:77375152-1,Iridaceae,Sphenostigma uruguaiense subsp. orientale,(Ravenna) Deble,Balduinia 76: 38. 2026 [19 Jan 2026] [epublished],Sphenostigma,,Iridaceae Gelasine uruguaiensis Ravenna subsp. orientalis Ravenna,(Ravenna)
wfo-1000087657,urn:lsid:ipni.org:names:77375154-1,Verbenaceae,Lippia discolor,P.H.Cardoso & Salimena,"Biologia (Bratislava), Sect. Bot. 80: 3223. 2025 [10 Nov 2025] [epublished]",Lippia,,,
wfo-1000087658,urn:lsid:ipni.org:names:77375155-1,Verbenaceae,Lippia guajajarana,(P.H.Cardoso & Salimena) P.H.Cardoso,"Biologia (Bratislava), Sect. Bot. 80: 3225. 2025 [10 Nov 2025] [epublished]",Lippia,,Verbenaceae Lippia stachyoides Cham. var. guajajarana P.H.Cardoso & Salimena,(P.H.Cardoso & Salimena)
wfo-1000087659,urn:lsid:ipni.org:names:77375257-1,Balsaminaceae,Impatiens tainingensis,J.D.Lin & P.Li,PhytoKeys 269: 239. 2026 [19 Jan 2026] [epublished],Impatiens,,,
wfo-1000087661,urn:lsid:ipni.org:names:77375260-1,Euphorbiaceae,Euphorbia costatoalata,"B.De Jong, Malpure & Mahal.",Nordic J. Bot. 2026(1)-e04855: 2. 2025 [26 Sep 2025] [epublished],Euphorbia,,,
wfo-1200116590,urn:lsid:ipni.org:names:77375363-1,Scrophulariaceae,Euphrasia alpina subsp. christii,(Favrat) Hayek,Ill. Fl. Mitt.-Eur. 6(1): 96. 1913 ,Euphrasia,,Scrophulariaceae Euphrasia × christii Favrat,(Favrat)
wfo-1000087669,urn:lsid:ipni.org:names:77375372-1,Apiaceae,Tetrataenium manilalianum,"C.Rekha, Sundaran, Manudev & Sujana",Nordic J. Bot. 2026(1)-e04966: 2. 2025 [15 Oct 2025] [epublished],Tetrataenium,,,
wfo-1000087671,urn:lsid:ipni.org:names:77375374-1,Bromeliaceae,Dyckia semperflorens,Büneker & Mariath,Nordic J. Bot. 2026(1)-e05019: 2. 2025 [17 Oct 2025] [epublished],Dyckia,,,
wfo-1000087672,urn:lsid:ipni.org:names:77375375-1,Apiaceae,Angelica danxiacola,"J.P.Li, Z.H.Chen, W.Y.Xie & J.B.Pu",Nordic J. Bot. 2026(1)-e05009: 2. 2025 [30 Oct 2025] [epublished],Angelica,,,
wfo-1000087675,urn:lsid:ipni.org:names:77375378-1,Hyacinthaceae,Drimia courtallensis,"Arum., Sukd.Bera, Resmi & Karthig.",Nordic J. Bot. 2026(x)-e05098: 2. 2025 [16 Nov 2025] [epublished],Drimia,,,
wfo-1000087677,urn:lsid:ipni.org:names:77375380-1,Araceae,Anthurium dimilunatum,Croat & C.Guan,Aroideana 48(3): 119. 2025 [23 Dec 2025] [epublished],Anthurium,,,
wfo-1000087680,urn:lsid:ipni.org:names:77375383-1,Araceae,Anthurium donignacioanum,Croat & C.Guan,Aroideana 48(3): 138. 2025 [23 Dec 2025] [epublished],Anthurium,,,
wfo-1000087682,urn:lsid:ipni.org:names:77375385-1,Araceae,Anthurium elchicalense,Croat,Aroideana 48(3): 143. 2025 [23 Dec 2025] [epublished],Anthurium,,,
wfo-1000087683,urn:lsid:ipni.org:names:77375386-1,Araceae,Anthurium granulatepalum,Croat & N.Hartley,Aroideana 48(3): 151. 2025 [23 Dec 2025] [epublished],Anthurium,,,
wfo-1000087684,urn:lsid:ipni.org:names:77375387-1,Araceae,Anthurium gualpiense,Croat,Aroideana 48(3): 155. 2025 [23 Dec 2025] [epublished],Anthurium,,,
wfo-0001041718,urn:lsid:ipni.org:names:77375389-1,Araceae,Anthurium incrassatum,Croat,Aroideana 48(3): 159. 2025 [23 Dec 2025] [epublished],Anthurium,,,
wfo-1000087686,urn:lsid:ipni.org:names:77375392-1,Araceae,Anthurium inopinatum,Croat & Hormell,Aroideana 48(3): 162. 2025 [23 Dec 2025] [epublished],Anthurium,,,
wfo-1000087687,urn:lsid:ipni.org:names:77375393-1,Theophrastaceae,Clavija neivae,B.Ståhl,Nordic J. Bot. 2026(x)-e05059: 2. [14 Jan 2026] [epublished],Clavija,,,
wfo-1000087688,urn:lsid:ipni.org:names:77375394-1,Araceae,Anthurium jimlevyi,Croat,Aroideana 48(3): 168. 2025 [23 Dec 2025] [epublished],Anthurium,,,
wfo-1000087689,urn:lsid:ipni.org:names:77375395-1,Theophrastaceae,Clavija zamorae,B.Ståhl,Nordic J. Bot. 2026(x)-e05059: 3. [14 Jan 2026] [epublished],Clavija,,,
wfo-1000087690,urn:lsid:ipni.org:names:77375396-1,Araceae,Anthurium latevenium,Croat,Aroideana 48(3): 186. 2025 [23 Dec 2025] [epublished],Anthurium,,,
wfo-1000087692,urn:lsid:ipni.org:names:77375399-1,Araceae,Anthurium margum,Croat,Aroideana 48(3): 193. 2025 [23 Dec 2025] [epublished],Anthurium,,,
wfo-1000087695,urn:lsid:ipni.org:names:77375403-1,Araceae,Anthurium penasblancaense,Croat,Aroideana 48(3): 207. 2025 [23 Dec 2025] [epublished],Anthurium,,,
wfo-1000087697,urn:lsid:ipni.org:names:77375406-1,Araliaceae,Heptapleurum assamicum,S.Dey & Barbhuiya,Feddes Repert. 136(4): 315. 2025 [27 Jul 2025] [epublished],Heptapleurum,,,
wfo-1000087704,urn:lsid:ipni.org:names:77375418-1,Crassulaceae,Rhodiola hideaki-ohbae,"Xin Hui Li, J.P.Yue & Boufford",J. Jap. Bot. 100(6): 515. 2025 [20 Dec 2025] ,Rhodiola,,,
wfo-1000087706,urn:lsid:ipni.org:names:77375420-1,Rosaceae,Rosa austrotibetana,Cheng Zhang bis & X.F.Gao,Bot. J. Linn. Soc. XX-boaf071: [24 of 27]. 2025 [7 Oct 2025] [epublished],Rosa,,,
wfo-1200116596,urn:lsid:ipni.org:names:77375426-1,Rosaceae,Neillia incisa f. flava,(Sugaya) Y.Ueno,J. Jap. Bot. 100(6): 587. 2025 [20 Dec 2025] ,Neillia,,Rosaceae Stephanandra incisa Zabel f. flava Sugaya,(Sugaya)
wfo-1200116597,urn:lsid:ipni.org:names:77375428-1,Rosaceae,Rosa luciae f. rosiflora,(Nakai) Y.Ueno,J. Jap. Bot. 100(6): 587. 2025 [20 Dec 2025] ,Rosa,,Rosaceae Rosa wichurana Crép. var. rosiflora Nakai,(Nakai)
wfo-1000087709,urn:lsid:ipni.org:names:77375437-1,Costaceae,Costus krukovii,(Maas) Maas & H.Maas,Blumea 70: 47. 2026 [5 Jan 2026] [epublished],Costus,,Costaceae Costus amazonicus  subsp. krukovii Maas,(Maas)
wfo-1000087710,urn:lsid:ipni.org:names:77375438-1,Costaceae,Dimerocostus appendiculatus,(Maas) Maas & H.Maas,Blumea 70: 83. 2026 [5 Jan 2026] [epublished],Dimerocostus,,Costaceae Dimerocostus strobilaceus Kuntze subsp. appendiculatus Maas,(Maas)
wfo-1000087711,urn:lsid:ipni.org:names:77375439-1,Costaceae,Dimerocostus rurrenabaqueanus,(Rusby) Maas & H.Maas,Blumea 70: 86. 2026 [5 Jan 2026] [epublished],Dimerocostus,,Costaceae Costus rurrenabaqueanus Rusby,(Rusby)
wfo-1000087714,urn:lsid:ipni.org:names:77375443-1,Lauraceae,Farnesia borbonia,(L.) A.R.Franck,J. Bot. Res. Inst. Texas 19(4): 480. 2025 [16 Dec 2025] [epublished],Farnesia,,Lauraceae Laurus borbonia L.,(L.)
wfo-1000087715,urn:lsid:ipni.org:names:77375444-1,Lauraceae,Farnesia humilis,(Nash) A.R.Franck,J. Bot. Res. Inst. Texas 19(4): 480. 2025 [16 Dec 2025] [epublished],Farnesia,,Lauraceae Persea humilis Nash,(Nash)
wfo-1000087716,urn:lsid:ipni.org:names:77375445-1,Lauraceae,Farnesia palustris,(Raf.) A.R.Franck,J. Bot. Res. Inst. Texas 19(4): 480. 2025 [16 Dec 2025] [epublished],Farnesia,,Lauraceae Tamala palustris Raf.,(Raf.)
wfo-1000087717,urn:lsid:ipni.org:names:77375446-1,Araceae,Anthurium planisulcatum,Croat,Aroideana 48(3): 211. 2025 [23 Dec 2025] [epublished],Anthurium,,,
wfo-1000087718,urn:lsid:ipni.org:names:77375447-1,Araceae,Anthurium tertiprominens,Croat & N.Hartley,Aroideana 48(3): 218. 2025 [23 Dec 2025] [epublished],Anthurium,,,
wfo-1000087719,urn:lsid:ipni.org:names:77375448-1,Araceae,Anthurium venulum,Croat,Aroideana 48(3): 237. 2025 [23 Dec 2025] [epublished],Anthurium,,,
wfo-0001084249,urn:lsid:ipni.org:names:77375449-1,Araceae,Anthurium waterburyanum,Croat & Scherber.,Aroideana 48(3): 255. 2025 [23 Dec 2025] [epublished],Anthurium,,,
wfo-1000087720,urn:lsid:ipni.org:names:77375450-1,Lecythidaceae,Scottmoria cupellastyla,Cornejo,J. Bot. Res. Inst. Texas 19(4): 484. 2025 [16 Dec 2025] [epublished],Scottmoria,,,
wfo-1000087721,urn:lsid:ipni.org:names:77375451-1,Lecythidaceae,Scottmoria stylivulcanica,S.A.Mori & Cornejo,J. Bot. Res. Inst. Texas 19(4): 487. 2025 [16 Dec 2025] [epublished],Scottmoria,,,
wfo-1000087722,urn:lsid:ipni.org:names:77375452-1,Lecythidaceae,Scottmoria woodsoniana,(Dwyer) Cornejo,J. Bot. Res. Inst. Texas 19(4): 489. 2025 [16 Dec 2025] [epublished],Scottmoria,,Lecythidaceae Eschweilera woodsoniana Dwyer,(Dwyer)
wfo-1000087723,urn:lsid:ipni.org:names:77375453-1,Araliaceae,Dendropanax bacchus,J.F.Morales,J. Bot. Res. Inst. Texas 19(4): 495. 2025 [16 Dec 2025] [epublished],Dendropanax,,,
wfo-1000087729,urn:lsid:ipni.org:names:77375465-1,Asclepiadaceae,Hoya thuhae,"Aver., Vuong & V.C.Nguyen",Turczaninowia 28(4): 146. 2025 [30 Dec 2025] [epublished],Hoya,,,
wfo-1000087730,urn:lsid:ipni.org:names:77375466-1,Liliaceae,Fritillaria katunica,Anisimov & Shmakov,Turczaninowia 28(4): 186. 2025 [30 Dec 2025] [epublished],Fritillaria,,,
wfo-1000086701,urn:lsid:ipni.org:names:77375468-1,Ranunculaceae,Pulsatilla sect. Magadanenses,Zaikov & Shmakov,Turczaninowia 28(4): 214. 2025 [30 Dec 2025] [epublished],Pulsatilla,,,
wfo-1200116705,urn:lsid:ipni.org:names:77375470-1,Euphorbiaceae,Microstachys bidentata,(Mart. & Zucc.) F.Dietr.,Neu. Nachtr. Vollst. Lex. Gärtn. 5: 556. 1836 ,Microstachys,,Euphorbiaceae Cnemidostachys bidentata Mart. & Zucc.,(Mart. & Zucc.)
wfo-1000087731,urn:lsid:ipni.org:names:77375471-1,Iridaceae,Iris cryptoruthenica,P.M.Zhurb.,Turczaninowia 28(4): 208. 2025 [30 Dec 2025] [epublished],Iris,,,
wfo-1200116706,urn:lsid:ipni.org:names:77375472-1,Euphorbiaceae,Microstachys daphnoides,(Mart. & Zucc.) F.Dietr.,Neu. Nachtr. Vollst. Lex. Gärtn. 5: 555. 1836 ,Microstachys,,Euphorbiaceae Cnemidostachys daphnoides Mart. & Zucc.,(Mart. & Zucc.)
wfo-1200116707,urn:lsid:ipni.org:names:77375473-1,Euphorbiaceae,Microstachys glandulosa,(Mart. & Zucc.) F.Dietr.,Neu. Nachtr. Vollst. Lex. Gärtn. 5: 556. 1836 ,Microstachys,,Euphorbiaceae Cnemidostachys glandulosa Mart. & Zucc.,(Mart. & Zucc.)
wfo-1200116708,urn:lsid:ipni.org:names:77375474-1,Euphorbiaceae,Microstachys hispida,(Mart. & Zucc.) F.Dietr.,Neu. Nachtr. Vollst. Lex. Gärtn. 5: 556. 1836 ,Microstachys,,Euphorbiaceae Cnemidostachys hispida Mart. & Zucc.,(Mart. & Zucc.)
wfo-1200116709,urn:lsid:ipni.org:names:77375475-1,Euphorbiaceae,Microstachys marginata,(Mart. & Zucc.) F.Dietr.,Neu. Nachtr. Vollst. Lex. Gärtn. 5: 555. 1836 ,Microstachys,,Euphorbiaceae Cnemidostachys marginata Mart. & Zucc.,(Mart. & Zucc.)
wfo-1200116710,urn:lsid:ipni.org:names:77375476-1,Euphorbiaceae,Microstachys serrulata,(Mart. & Zucc.) F.Dietr.,Neu. Nachtr. Vollst. Lex. Gärtn. 5: 555. 1836 ,Microstachys,,Euphorbiaceae Cnemidostachys serrulata Mart. & Zucc.,(Mart. & Zucc.)
wfo-1200116711,urn:lsid:ipni.org:names:77375477-1,Rutaceae,Agathosma hispida,(Thunb.) F.Dietr.,Nachtr. Vollst. Lex. Gärtn. 1: 126. 1815 ,Agathosma,,Rutaceae Diosma hispida Thunb.,(Thunb.)
wfo-1200116712,urn:lsid:ipni.org:names:77375478-1,Rutaceae,Agathosma ovata,(Thunb.) F.Dietr.,Nachtr. Vollst. Lex. Gärtn. 1: 127. 1815 ,Agathosma,,Rutaceae Diosma ovata Thunb.,(Thunb.)
wfo-1200116713,urn:lsid:ipni.org:names:77375481-1,Geraniaceae,Pelargonium campestre,(Eckl. & Zeyh.) F.Dietr.,Neu. Nachtr. Vollst. Lex. Gärtn. 6: 457. 1837 ,Pelargonium,,Geraniaceae Hoarea campestris Eckl. & Zeyh.,(Eckl. & Zeyh.)
wfo-1200116714,urn:lsid:ipni.org:names:77375483-1,Geraniaceae,Pelargonium eupatoriifolium,(Eckl. & Zeyh.) F.Dietr.,Neu. Nachtr. Vollst. Lex. Gärtn. 6: 458. 1837 ,Pelargonium,,Geraniaceae Hoarea eupatoriifolia Eckl. & Zeyh.,(Eckl. & Zeyh.)
wfo-1200116715,urn:lsid:ipni.org:names:77375484-1,Geraniaceae,Pelargonium ionidiflorum,(Eckl. & Zeyh.) F.Dietr.,Neu. Nachtr. Vollst. Lex. Gärtn. 6: 461. 1837 ,Pelargonium,,Geraniaceae Ligularia ionidiflora Eckl. & Zeyh.,(Eckl. & Zeyh.)
wfo-1200116716,urn:lsid:ipni.org:names:77375486-1,Geraniaceae,Pelargonium pilosellifolium,(Eckl. & Zeyh.) F.Dietr.,Neu. Nachtr. Vollst. Lex. Gärtn. 6: 457. 1837 ,Pelargonium,,Geraniaceae Hoarea pilosellifolia Eckl. & Zeyh.,(Eckl. & Zeyh.)
wfo-1000087734,urn:lsid:ipni.org:names:77375487-1,Scrophulariaceae,Orobanche subgen. Aphyllon,(Mitch.) Domina,Brittonia [early view]: [3 of 47]. 2025 [18 Dec 2025] [epublished],Orobanche,,Scrophulariaceae Aphyllon Mitch.,(Mitch.)
wfo-1000087735,urn:lsid:ipni.org:names:77375488-1,Scrophulariaceae,Orobanche castilloi,"(Franc.Gut., Cházaro & Espejo) Domina","Brittonia [early view]: [4 of 47]. 2025 [18 Dec 2025] [epublished] , as 'castiloa'",Orobanche,,"Scrophulariaceae Aphyllon castilloi Franc.Gut., Cházaro & Espejo","(Franc.Gut., Cházaro & Espejo)"
wfo-1000087736,urn:lsid:ipni.org:names:77375489-1,Scrophulariaceae,Orobanche chiapensis,(Franc.Gut. & L.O.Alvarado) Domina,Brittonia [early view]: [4 of 47]. 2025 [18 Dec 2025] [epublished],Orobanche,,Scrophulariaceae Aphyllon chiapense Franc.Gut. & L.O.Alvarado,(Franc.Gut. & L.O.Alvarado)
wfo-1000087737,urn:lsid:ipni.org:names:77375490-1,Scrophulariaceae,Orobanche collinsii,Domina,Brittonia [early view]: [4 of 47]. 2025 [18 Dec 2025] [epublished],Orobanche,,,
wfo-1000087738,urn:lsid:ipni.org:names:77375491-1,Scrophulariaceae,Orobanche epigalia,(Colwell & A.C.Schneid.) Domina,Brittonia [early view]: [4 of 47]. 2025 [18 Dec 2025] [epublished],Orobanche,,Scrophulariaceae Aphyllon epigalium Colwell & A.C.Schneid.,(Colwell & A.C.Schneid.)
wfo-1000087739,urn:lsid:ipni.org:names:77375492-1,Scrophulariaceae,Orobanche franciscana,(Achey) Domina,Brittonia [early view]: [4 of 47]. 2025 [18 Dec 2025] [epublished],Orobanche,,Scrophulariaceae Orobanche fasciculata Nutt. var. franciscana Achey,(Achey)
wfo-1000087740,urn:lsid:ipni.org:names:77375494-1,Scrophulariaceae,Orobanche gypsophila,(L.T.Collins) Domina,Brittonia [early view]: [4 of 47]. 2025 [18 Dec 2025] [epublished],Orobanche,,Scrophulariaceae Aphyllon gypsophilum L.T.Collins,(L.T.Collins)
wfo-1000087741,urn:lsid:ipni.org:names:77375495-1,Lauraceae,Aniba aceroi,Soler-Umbarila & L.Carv.-Rojas,Acta Bot. Mex. 132-e2488: 3. 2025 [22 Oct 2025] [epublished],Aniba,,,
wfo-1000087742,urn:lsid:ipni.org:names:77375496-1,Scrophulariaceae,Orobanche subgen. Diphelypaea,Domina,Brittonia [early view]: [4 of 47]. 2025 [18 Dec 2025] [epublished],Orobanche,"nom. inval.    , lacking description or full and direct reference to synonyms",,
wfo-1000087743,urn:lsid:ipni.org:names:77375497-1,Lauraceae,Aniba giraldo-canasii,Soler-Umbarila,Acta Bot. Mex. 132-e2488: 13. 2025 [22 Oct 2025] [epublished],Aniba,,,
wfo-1200116603,urn:lsid:ipni.org:names:77375498-1,Scrophulariaceae,Orobanche coccinea var. boissieri,(Reut.) Domina,Brittonia [early view]: [4 of 47]. 2025 [18 Dec 2025] [epublished],Orobanche,,Scrophulariaceae Anoplanthus biebersteinii Reut. var. boissieri Reut.,(Reut.)
wfo-1000087744,urn:lsid:ipni.org:names:77375499-1,Lauraceae,Aniba santanderensis,Soler-Umbarila,Acta Bot. Mex. 132-e2488: 17. 2025 [22 Oct 2025] [epublished],Aniba,,,
wfo-1200116604,urn:lsid:ipni.org:names:77375500-1,Scrophulariaceae,Orobanche coccinea var. helenae,(Popl. ex Sukaczev) Domina,Brittonia [early view]: [4 of 47]. 2025 [18 Dec 2025] [epublished],Orobanche,,Scrophulariaceae Phelypaea helenae Popl. ex Sukaczev,(Popl. ex Sukaczev)
wfo-1000087745,urn:lsid:ipni.org:names:77375501-1,Scrophulariaceae,Orobanche tournefortii,(Desf.) Domina,Brittonia [early view]: [4 of 47]. 2025 [18 Dec 2025] [epublished],Orobanche,,Scrophulariaceae Phelypaea tournefortii Desf.,(Desf.)
wfo-1000087746,urn:lsid:ipni.org:names:77375502-1,Lauraceae,Aniba cardenasiana,Soler-Umbarila,Acta Bot. Mex. 132-e2488: 10. 2025 [22 Oct 2025] [epublished],Aniba,,,
wfo-1200116717,urn:lsid:ipni.org:names:77375504-1,Scrophulariaceae,Orobanche alba var. epithymoides,(Duby) Domina,Brittonia [early view]: [4 of 47]. 2025 [18 Dec 2025] [epublished],Orobanche,,Scrophulariaceae Orobanche epithymum DC. var. epithymoides Duby,(Duby)
wfo-1200116718,urn:lsid:ipni.org:names:77375515-1,Scrophulariaceae,Orobanche buekii var. mayeri,(Suess. & Ronniger) Domina,Brittonia [early view]: [4 of 47]. 2025 [18 Dec 2025] [epublished],Orobanche,,Scrophulariaceae Orobanche alsatica Kirschl. var. mayeri Suess. & Ronniger,(Suess. & Ronniger)
wfo-1200116605,urn:lsid:ipni.org:names:77375516-1,Scrophulariaceae,Orobanche caryophyllacea var. clausonis,(Pomel) Domina,Brittonia [early view]: [4 of 47]. 2025 [18 Dec 2025] [epublished],Orobanche,,Scrophulariaceae Orobanche clausonis Pomel,(Pomel)
wfo-1200116606,urn:lsid:ipni.org:names:77375517-1,Scrophulariaceae,Orobanche centaurina var. staehelinae,"(D.Pav., Michaud, Véla & J.-M.Tison) Domina",Brittonia [early view]: [4 of 47]. 2025 [18 Dec 2025] [epublished],Orobanche,,"Scrophulariaceae Orobanche staehelinae D.Pav., Michaud, Véla & J.-M.Tison","(D.Pav., Michaud, Véla & J.-M.Tison)"
wfo-1200116607,urn:lsid:ipni.org:names:77375518-1,Scrophulariaceae,Orobanche cernua var. grenieri,(F.W.Schultz) Domina,Brittonia [early view]: [4 of 47]. 2025 [18 Dec 2025] [epublished],Orobanche,,Scrophulariaceae Orobanche grenieri F.W.Schultz,(F.W.Schultz)
wfo-1200116608,urn:lsid:ipni.org:names:77375519-1,Scrophulariaceae,Orobanche elatior var. leptantha,(Pomel) Domina,Brittonia [early view]: [4 of 47]. 2025 [18 Dec 2025] [epublished],Orobanche,,Scrophulariaceae Orobanche leptantha Pomel,(Pomel)
wfo-1200116609,urn:lsid:ipni.org:names:77375520-1,Scrophulariaceae,Orobanche litorea var. iammonensis,(A.Pujadas & P.Fraga) Domina,Brittonia [early view]: [4 of 47]. 2025 [18 Dec 2025] [epublished],Orobanche,,Scrophulariaceae Orobanche iammonensis A.Pujadas & P.Fraga,(A.Pujadas & P.Fraga)
wfo-1200116610,urn:lsid:ipni.org:names:77375521-1,Scrophulariaceae,Orobanche minor var. canescens,(C.Presl) Domina,Brittonia [early view]: [4 of 47]. 2025 [18 Dec 2025] [epublished],Orobanche,,Scrophulariaceae Orobanche canescens C.Presl,(C.Presl)
wfo-1200116719,urn:lsid:ipni.org:names:77375522-1,Iridaceae,Crocus neapolitanus,Laun.,Bon Jard. 1811: 214. ,Crocus,,,
wfo-1200116720,urn:lsid:ipni.org:names:77375523-1,Scrophulariaceae,Orobanche reticulata var. agigensis,(Rätzel & Uhlich) Domina,Brittonia [early view]: [4 of 47]. 2025 [18 Dec 2025] [epublished],Orobanche,,Scrophulariaceae Orobanche reticulata Wallr. subsp. agigensis Rätzel & Uhlich,(Rätzel & Uhlich)
wfo-1200116721,urn:lsid:ipni.org:names:77375524-1,Rosaceae,Spiraea paniculata,Laun.,Bon Jard. 1811: 426. ,Spiraea,,,
wfo-1000087749,urn:lsid:ipni.org:names:77375525-1,Scrophulariaceae,Orobanche chionistrae,"(Rätzel, Hand, Christodoulou & Uhlich) Domina",Brittonia [early view]: [4 of 47]. 2025 [18 Dec 2025] [epublished],Orobanche,,"Scrophulariaceae Phelipanche chionistrae Rätzel, Hand, Christodoulou & Uhlich","(Rätzel, Hand, Christodoulou & Uhlich)"
wfo-0001427195,urn:lsid:ipni.org:names:77375527-1,Scrophulariaceae,Orobanche gussoneana,(Lojac.) Domina,Brittonia [early view]: [4 of 47]. 2025 [18 Dec 2025] [epublished],Orobanche,,Scrophulariaceae Phelypaea gussoneana Lojac.,(Lojac.)
wfo-1000087750,urn:lsid:ipni.org:names:77375528-1,Scrophulariaceae,Orobanche hajastanica,"(Piwow., Ó.Sánchez & Moreno Mor.) Domina",Brittonia [early view]: [4 of 47]. 2025 [18 Dec 2025] [epublished],Orobanche,,"Scrophulariaceae Phelipanche hajastanica Piwow., Ó.Sánchez & Moreno Mor.","(Piwow., Ó.Sánchez & Moreno Mor.)"
wfo-1200116611,urn:lsid:ipni.org:names:77375530-1,Scrophulariaceae,Orobanche inexspectata var. sinaica,(Beck) Domina,Brittonia [early view]: [4 of 47]. 2025 [18 Dec 2025] [epublished],Orobanche,,Scrophulariaceae Orobanche mutelii F.W.Schultz var. sinaica Beck,(Beck)
wfo-1200116612,urn:lsid:ipni.org:names:77375531-1,Scrophulariaceae,Orobanche lavandulacea var. carlonii,Domina,Brittonia [early view]: [4 of 47]. 2025 [18 Dec 2025] [epublished],Orobanche,,,
wfo-1200116724,urn:lsid:ipni.org:names:77375532-1,Scrophulariaceae,Hemitomus urticifolius,(Curtis) Laun.,Bon Jard. 1811: 580. ,Hemitomus,,Scrophulariaceae Celsia urticifolia Curtis,(Curtis)
wfo-1200116613,urn:lsid:ipni.org:names:77375533-1,Scrophulariaceae,Orobanche lavandulacea var. trichocalyx,(Webb & Berthel.) Domina,Brittonia [early view]: [4 of 47]. 2025 [18 Dec 2025] [epublished],Orobanche,,Scrophulariaceae Phelypaea trichocalyx Webb & Berthel.,(Webb & Berthel.)
wfo-1000087751,urn:lsid:ipni.org:names:77375534-1,Hippocastanaceae,Pavia dulcis,Poit. ex Laun.,Bon Jard. 1811: 641. ,Pavia,,,
wfo-1200116725,urn:lsid:ipni.org:names:77375535-1,Scrophulariaceae,Orobanche pallens,(Bunge ex Ledeb.) Domina,Brittonia [early view]: [4 of 47]. 2025 [18 Dec 2025] [epublished],Orobanche,nom. illeg. later homonym,Scrophulariaceae Phelypaea pallens Bunge ex Ledeb.,(Bunge ex Ledeb.)
wfo-1000087752,urn:lsid:ipni.org:names:77375536-1,Scrophulariaceae,Orobanche sevanensis,"(Piwow., Ó.Sánchez & Moreno Mor.) Domina",Brittonia [early view]: [4 of 47]. 2025 [18 Dec 2025] [epublished],Orobanche,,"Scrophulariaceae Phelipanche sevanensis Piwow., Ó.Sánchez & Moreno Mor.","(Piwow., Ó.Sánchez & Moreno Mor.)"
wfo-1000087753,urn:lsid:ipni.org:names:77375537-1,Scrophulariaceae,Orobanche zangezuri,"(Piwow., Ó.Sánchez & Moreno Mor.) Domina",Brittonia [early view]: [4 of 47]. 2025 [18 Dec 2025] [epublished],Orobanche,,"Scrophulariaceae Phelipanche zangezuri Piwow., Ó.Sánchez & Moreno Mor.","(Piwow., Ó.Sánchez & Moreno Mor.)"
wfo-1000087755,urn:lsid:ipni.org:names:77375540-1,Crassulaceae,Sedum peltatum,M.L.Chen & X.H.Cao,Bangladesh J. Bot. 46(3): 847. 2017 [Sep 2017] ,Sedum,,,
wfo-1000087758,urn:lsid:ipni.org:names:77375573-1,Scrophulariaceae,Schlegelia nelcyae,"M.A.Jaram., Edwin Trujillo & Aymard","J. Pl. Taxon. & Geogr. (Webbia) 80(2): 282. 2025 [18 Jul 2025] [epublished] , as 'nelcyiae'",Schlegelia,,,
wfo-1000087760,urn:lsid:ipni.org:names:77375575-1,Apiaceae,Psammogeton indicus,Bhellum & Magotra,Natl. Acad. Sci. Lett. [early view]: [2 of 9]. 2026 [21 Jan 2026] [epublished],Psammogeton,,,
wfo-1000087767,urn:lsid:ipni.org:names:77375586-1,Balsaminaceae,Impatiens longcanggouensis,Q.Luo,PhytoKeys 270: 3. 2026 [26 Jan 2026] [epublished],Impatiens,,,
wfo-1000087768,urn:lsid:ipni.org:names:77375587-1,Theaceae,Camellia shangshii,Shi Y.Wang & Q.Fan,PhytoKeys 270: 15. 2026 [26 Jan 2026] [epublished],Camellia,,,
wfo-1000087773,urn:lsid:ipni.org:names:77375598-1,Scrophulariaceae,Calceolaria chasmophila,D.A.Salas,"Gayana, Bot. 82(2): 137. 2026 [22 Jan 2026] ",Calceolaria,,,
wfo-1000087774,urn:lsid:ipni.org:names:77375701-1,Pandanaceae,Freycinetia siberutensis,"A.P.Keim, Witono, Efendy & Setiarto",Taiwania 71(1): 65. 2026 [9 Jan 2026] [epublished],Freycinetia,,,
wfo-1000087775,urn:lsid:ipni.org:names:77375703-1,Convallariaceae,Heteropolygonatum farreri,Floden,Edinburgh J. Bot. 82-2057: 3. 2025 [10 Sep 2025] [epublished],Heteropolygonatum,,,
wfo-1200116624,urn:lsid:ipni.org:names:77375705-1,Lamiaceae,Isodon ramosissimus var. rugosus,Meerts,"Fl. Afrique Centr., Labiat. Dec 2025: 50. [Dec 2025] ",Isodon,,,
wfo-1200116625,urn:lsid:ipni.org:names:77375706-1,Lamiaceae,Ocimum obovatum var. manikense,(Ayob.) Meerts,"Fl. Afrique Centr., Labiat. Dec 2025: 130. [Dec 2025] ",Ocimum,,Lamiaceae Becium obovatum N.E.Br. var. manikense Ayob.,(Ayob.)
wfo-1200116727,urn:lsid:ipni.org:names:77375709-1,Rutaceae,Zanthoxylum sect. Blackburnia,(J.R.Forst. & G.Forst.) Appelhans & J.Wen,Molec. Phylogen. Evol. 211-108398: 12. 2025 [24 Jun 2025] [epublished],Zanthoxylum,,Rutaceae Blackburnia J.R.Forst. & G.Forst.,(J.R.Forst. & G.Forst.)
wfo-1000087779,urn:lsid:ipni.org:names:77375710-1,Rutaceae,Zanthoxylum sect. Toddalia,(Juss.) Appelhans & J.Wen,Molec. Phylogen. Evol. 211-108398: 13. 2025 [24 Jun 2025] [epublished],Zanthoxylum,,Rutaceae Toddalia Juss.,(Juss.)
wfo-1000087780,urn:lsid:ipni.org:names:77375711-1,Lauraceae,Aniba anuliglandulosa,Soler-Umbarila,Acta Bot. Mex. 132-e2488: 7. 2025 [22 Oct 2025] [epublished],Aniba,,,
wfo-4000002454,urn:lsid:ipni.org:names:77375720-1,Ranunculaceae,Anthora,(DC.) Fourr.,"Ann. Soc. Linn. Lyon n.s., 16: 326. 1868 ",Anthora,,,(DC.)
wfo-0001281873,urn:lsid:ipni.org:names:77375721-1,Actinidiaceae,Actinidia flavofloris,H.Z.Jiang,J. Southw. Agric. Univ. 17(2): 94. 1995 ,Actinidia,,,
wfo-4000014059,urn:lsid:ipni.org:names:77375722-1,Euphorbiaceae,Esula,Morandi,"Hist. Bot. Pract., ed. 2. 72. 1761 ",Esula,,,
wfo-1000087791,urn:lsid:ipni.org:names:77375728-1,Crassulaceae,Aeonium igneum,(O.Arango) M.H.J.van der Meer,Cact. Phantast. 2025(5): 1. [12 May 2025] [epublished],Aeonium,,Crassulaceae Greenovia ignea O.Arango,(O.Arango)
wfo-1000087792,urn:lsid:ipni.org:names:77375729-1,Bignoniaceae,Catalpa lutea,"J.Hui Wang, W.J.Ma & Z.Yu Li",PhytoKeys 270: 29. 2026 [28 Jan 2026] [epublished],Catalpa,,,
wfo-1000087793,urn:lsid:ipni.org:names:77375730-1,Crassulaceae,Aeonium × pedrosalioi,(O.Arango) M.H.J.van der Meer,Cact. Phantast. 2025(5): 1. [12 May 2025] [epublished],Aeonium,,Crassulaceae × Greenonium pedrosalioi O.Arango,(O.Arango)
wfo-1000087796,urn:lsid:ipni.org:names:77375733-1,Crassulaceae,Aeonium × lajense,(O.Arango) M.H.J.van der Meer,Cact. Phantast. 2025(5): 1. [12 May 2025] [epublished],Aeonium,,Crassulaceae × Greenonium lajense O.Arango,(O.Arango)
wfo-1000087799,urn:lsid:ipni.org:names:77375736-1,Crassulaceae,Sedum leiocarpum,(H.Sharsm.) M.H.J.van der Meer,Cact. Phantast. 2025(5): 1. [12 May 2025] [epublished],Sedum,,Crassulaceae Sedella leiocarpa H.Sharsm.,(H.Sharsm.)
wfo-1000087800,urn:lsid:ipni.org:names:77375737-1,Amaryllidaceae,Haemanthus subgen. Serena,(Raf.) Snijman,Strelitzia 48: 43. 2025 ,Haemanthus,,Amaryllidaceae Serena Raf.,(Raf.)
wfo-1000087801,urn:lsid:ipni.org:names:77375738-1,Amaryllidaceae,Haemanthus arenicola,(Snijman) Snijman,Strelitzia 48: 130. 2025 ,Haemanthus,,Amaryllidaceae Haemanthus pubescens L.f. subsp. arenicola Snijman,(Snijman)
wfo-1000087802,urn:lsid:ipni.org:names:77375739-1,Amaryllidaceae,Haemanthus leipoldtii,(Snijman) Snijman,Strelitzia 48: 133. 2025 ,Haemanthus,,Amaryllidaceae Haemanthus pubescens L.f. subsp. leipoldtii Snijman,(Snijman)
wfo-1000087803,urn:lsid:ipni.org:names:77375740-1,Alliaceae,Miersia nahuelbutensis,Nic.García,PhytoKeys 270: 98. 2026 [29 Jan 2026] [epublished],Miersia,,,
wfo-1000087804,urn:lsid:ipni.org:names:77375741-1,Alliaceae,Miersia subandina,P.Zúñiga & Nic.García,PhytoKeys 270: 101. 2026 [29 Jan 2026] [epublished],Miersia,,,
wfo-1000087805,urn:lsid:ipni.org:names:77375742-1,Alliaceae,Gilliesia reflexa,Mat.A.González & Nic.García,PhytoKeys 270: 105. 2026 [29 Jan 2026] [epublished],Gilliesia,,,
wfo-1000087806,urn:lsid:ipni.org:names:77375743-1,Alliaceae,Gilliesia taguataguensis,M.M.Espinoza & Nic.García,PhytoKeys 270: 108. 2026 [29 Jan 2026] [epublished],Gilliesia,,,
wfo-1200116728,urn:lsid:ipni.org:names:77375744-1,Primulaceae,Umbraculum,Rumph. ex Kuntze,Revis. Gen. Pl. 2: 405. 1891 ,Umbraculum,,,
wfo-4000033755,urn:lsid:ipni.org:names:77375746-1,Moraceae,Saccus,Rumph. ex Kuntze,Revis. Gen. Pl. 2: 633. 1891 ,Saccus,nom. superfl.,,
wfo-1000087810,urn:lsid:ipni.org:names:77375754-1,Lamiaceae,Coleus pyramidatus,(Gürke) K.Balkwill,S. African J. Bot. 186: 611. 2025 [6 Oct 2025] [epublished],Coleus,,Lamiaceae Plectranthus pyramidatus Gürke,(Gürke)
wfo-0001236737,urn:lsid:ipni.org:names:77375760-1,Sterculiaceae,Sterculia chicomendesii,E.L.Taylor ex Colli-Silva,Phytotaxa 739(2): 237. 2026 [28 Jan 2026] [epublished],Sterculia,,,
wfo-0001141206,urn:lsid:ipni.org:names:77375762-1,Sterculiaceae,Sterculia killipiana,Standl. ex Colli-Silva,Phytotaxa 739(2): 238. 2026 [28 Jan 2026] [epublished],Sterculia,,,
wfo-0001269331,urn:lsid:ipni.org:names:77375764-1,Sterculiaceae,Sterculia lisae,E.L.Taylor ex Colli-Silva,Phytotaxa 739(2): 238. 2026 [28 Jan 2026] [epublished],Sterculia,,,
wfo-1000087818,urn:lsid:ipni.org:names:77375765-1,Rutaceae,Acmadenia kamdeboo,V.R.Clark & J.D.Vidal,S. African J. Bot. 188: 376. 2025 [19 Nov 2025] [epublished],Acmadenia,,,
wfo-1000087819,urn:lsid:ipni.org:names:77375766-1,Sterculiaceae,Sterculia tayloriae,Colli-Silva,"Phytotaxa 739(2): 239. 2026 [28 Jan 2026] , as 'taylorii' [epublished]",Sterculia,,,
wfo-1000087820,urn:lsid:ipni.org:names:77375768-1,Liliaceae,Tulipa kujukensis,J.de Groot & Zonn.,"Int. Rock Gard. 168: [6]. 2024 [Jan 2024] , as 'kujukense' [epublished]",Tulipa,,,
wfo-1000087821,urn:lsid:ipni.org:names:77375769-1,Liliaceae,Tulipa lazkovii,J.de Groot & Zonn.,Int. Rock Gard. 168: [9]. 2024 [Jan 2024] [epublished],Tulipa,,,
wfo-1000087823,urn:lsid:ipni.org:names:77375771-1,Liliaceae,Tulipa jansii,J.de Groot & Zonn.,Int. Rock Gard. 168: [13]. 2024 [Jan 2024] [epublished],Tulipa,,,
wfo-1000087824,urn:lsid:ipni.org:names:77375772-1,Euphorbiaceae,Euphorbia carminea,J.-P.Castillon,Euphorbia World 20(3): 9. 2025 [Dec 2025] ,Euphorbia,,,
wfo-1200116729,urn:lsid:ipni.org:names:77375773-1,Euphorbiaceae,Phyllanthus sect. Almadenses,(G.L.Webster) Marques-Torres & M.J.Silva,Bot. J. Linn. Soc. 210(1): 53. 2025 [31 May 2025] [epublished],Phyllanthus,,Euphorbiaceae Phyllanthus subsect. Almadenses G.L.Webster,(G.L.Webster)
wfo-1200116730,urn:lsid:ipni.org:names:77375774-1,Euphorbiaceae,Phyllanthus sect. Clausseniani,(G.L.Webster) Marques-Torres & M.J.Silva,Bot. J. Linn. Soc. 210(1): 59. 2025 [31 May 2025] [epublished],Phyllanthus,,Euphorbiaceae Phyllanthus subsect. Clausseniani G.L.Webster,(G.L.Webster)
wfo-1200116731,urn:lsid:ipni.org:names:77375775-1,Euphorbiaceae,Phyllanthus sect. Glaziovii,Marques-Torres & M.J.Silva,Bot. J. Linn. Soc. 210(1): 59. 2025 [31 May 2025] [epublished],Phyllanthus,,,
wfo-1000087825,urn:lsid:ipni.org:names:77375776-1,Euphorbiaceae,Phyllanthus sect. Subemarginatae,Marques-Torres & M.J.Silva,Bot. J. Linn. Soc. 210(1): 63. 2025 [31 May 2025] [epublished],Phyllanthus,,,
wfo-4100006393,urn:lsid:ipni.org:names:77375785-1,Melanthiaceae,× Pseudillium,Z.H.Feng,Plant 14(1): 2. 2026 [27 Jan 2026] [epublished],Pseudillium,,,
wfo-4100006395,urn:lsid:ipni.org:names:77375787-1,Ranunculaceae,× Rankwithia,Z.H.Feng,Plant 14(1): 2. 2026 [27 Jan 2026] [epublished],Rankwithia,,,
wfo-4100006396,urn:lsid:ipni.org:names:77375788-1,Saxifragaceae,× Mitarella,Z.H.Feng,Plant 14(1): 2. 2026 [27 Jan 2026] [epublished],Mitarella,,,
wfo-1200116742,urn:lsid:ipni.org:names:77375843-1,Ranunculaceae,Pulsatilla nothosubgen. Preotilla,Z.H.Feng,Plant 14(1): 4. 2026 [27 Jan 2026] [epublished],Pulsatilla,,,
wfo-1000087867,urn:lsid:ipni.org:names:77375844-1,Ranunculaceae,Pulsatilla nothosect. Veranthus,Z.H.Feng,Plant 14(1): 4. 2026 [27 Jan 2026] [epublished],Pulsatilla,,,
wfo-1000087868,urn:lsid:ipni.org:names:77375845-1,Ranunculaceae,Pulsatilla nothosect. Versatilla,Z.H.Feng,Plant 14(1): 4. 2026 [27 Jan 2026] [epublished],Pulsatilla,,,
wfo-3000003095,urn:lsid:ipni.org:names:77375847-1,Ranunculaceae,Pulsatilla subsect. Pratenses,Aichele & Schweg.,Feddes Repert. 60(1-3): 129. 1957 ,Pulsatilla,,,
wfo-1200116743,urn:lsid:ipni.org:names:77375848-1,Ranunculaceae,Pulsatilla nothosubsect. Patenses,Z.H.Feng,Plant 14(1): 4. 2026 [27 Jan 2026] [epublished],Pulsatilla,,,
wfo-1200116744,urn:lsid:ipni.org:names:77375849-1,Ranunculaceae,Pulsatilla nothosubsect. Pratilla,Z.H.Feng,Plant 14(1): 4. 2026 [27 Jan 2026] [epublished],Pulsatilla,,,
wfo-1200116745,urn:lsid:ipni.org:names:77375850-1,Ranunculaceae,Pulsatilla nothosubsect. Preotenses,Z.H.Feng,Plant 14(1): 4. 2026 [27 Jan 2026] [epublished],Pulsatilla,,,
wfo-1200116746,urn:lsid:ipni.org:names:77375851-1,Ranunculaceae,Pulsatilla nothosubsect. Preotilla,Z.H.Feng,Plant 14(1): 4. 2026 [27 Jan 2026] [epublished],Pulsatilla,,,
wfo-1200116747,urn:lsid:ipni.org:names:77375852-1,Ranunculaceae,Pulsatilla nothosubsect. Vernatilla,Z.H.Feng,Plant 14(1): 4. 2026 [27 Jan 2026] [epublished],Pulsatilla,,,
wfo-1200116748,urn:lsid:ipni.org:names:77375853-1,Ranunculaceae,Pulsatilla nothosubsect. Vertenses,Z.H.Feng,Plant 14(1): 4. 2026 [27 Jan 2026] [epublished],Pulsatilla,,,
wfo-1000087871,urn:lsid:ipni.org:names:77375855-1,Amaryllidaceae,Narcissus × jalamensis,"(Patino, Urrutia & J.Valencia) Z.H.Feng",Plant 14(1): 4. 2026 [27 Jan 2026] [epublished],Narcissus,,"Amaryllidaceae Narcissus × brevitubulosus A.Fern. nothosubsp. jalamensis Patino, Urrutia & J.Valencia","(Patino, Urrutia & J.Valencia)"
wfo-1000087872,urn:lsid:ipni.org:names:77375856-1,Amaryllidaceae,Narcissus × saenzii,(Fern.Casas) Z.H.Feng,Plant 14(1): 5. 2026 [27 Jan 2026] [epublished],Narcissus,,Amaryllidaceae Narcissus × alejandrei Fern.Casas nothovar. saenzii Fern.Casas,(Fern.Casas)
wfo-1000087873,urn:lsid:ipni.org:names:77375857-1,Amaryllidaceae,Urceolina × stevensii,(W.Stevens ex N.E.Br.) Z.H.Feng,Plant 14(1): 5. 2026 [27 Jan 2026] [epublished],Urceolina,,Amaryllidaceae Eucharis × stevensii W.Stevens ex N.E.Br.,(W.Stevens ex N.E.Br.)
wfo-1000087874,urn:lsid:ipni.org:names:77375858-1,Asclepiadaceae,Araujia × intermedia,(T.Mey.) Z.H.Feng,Plant 14(1): 5. 2026 [27 Jan 2026] [epublished],Araujia,,Asclepiadaceae Morrenia intermedia T.Mey.,(T.Mey.)
wfo-1000087875,urn:lsid:ipni.org:names:77375859-1,Asclepiadaceae,× Brachypelia nolae-carriae,(P.V.Heath) Z.H.Feng,Plant 14(1): 5. 2026 [27 Jan 2026] [epublished],Brachypelia,,Asclepiadaceae × Brachystemon nolae-carriae P.V.Heath,(P.V.Heath)
wfo-1000087876,urn:lsid:ipni.org:names:77375860-1,Asclepiadaceae,× Huernivalia anemoniflora,(Deflers) Z.H.Feng,Plant 14(1): 5. 2026 [27 Jan 2026] [epublished],Huernivalia,,Asclepiadaceae Stapelia anemoniflora Deflers,(Deflers)
wfo-1000087878,urn:lsid:ipni.org:names:77375862-1,Asclepiadaceae,Stapelia × prostratiflora,(L.C.Leach) Z.H.Feng,Plant 14(1): 5. 2026 [27 Jan 2026] [epublished],Stapelia,,Asclepiadaceae Stapelia erectiflora N.E.Br. var. prostratiflora L.C.Leach,(L.C.Leach)
wfo-1000087888,urn:lsid:ipni.org:names:77375872-1,Berberidaceae,Berberis × emeiensis,(J.M.H.Shaw) Z.H.Feng,Plant 14(1): 5. 2026 [27 Jan 2026] [epublished],Berberis,,Berberidaceae Mahonia × emeiensis J.M.H.Shaw,(J.M.H.Shaw)
wfo-1000087889,urn:lsid:ipni.org:names:77375873-1,Berberidaceae,Berberis × lindsayi,(Yeo) Z.H.Feng,Plant 14(1): 5. 2026 [27 Jan 2026] [epublished],Berberis,,Berberidaceae Mahonia × lindsayi Yeo,(Yeo)
wfo-1000087890,urn:lsid:ipni.org:names:77375874-1,Berberidaceae,Berberis × savilliana,(J.M.H.Shaw) Z.H.Feng,Plant 14(1): 5. 2026 [27 Jan 2026] [epublished],Berberis,,Berberidaceae Mahonia × savilliana J.M.H.Shaw,(J.M.H.Shaw)
wfo-1200116749,urn:lsid:ipni.org:names:77375875-1,Berberidaceae,Berberis × wagneri,(Jouin) Z.H.Feng,Plant 14(1): 5. 2025 [27 Jan 2025] [epublished],Berberis,,Berberidaceae Mahonia pinnata Fedde var. wagneri Jouin,(Jouin)
wfo-1200116750,urn:lsid:ipni.org:names:77375880-1,Crassulaceae,Aeonium × extinctum,(P.V.Heath) Z.H.Feng,Plant 14(1): 5. 2026 [27 Jan 2026] [epublished],Aeonium,,Crassulaceae × Greenonium extinctum P.V.Heath,(P.V.Heath)
wfo-1200116752,urn:lsid:ipni.org:names:77375887-1,Crassulaceae,Aeonium × lajense,(O.Arango) Z.H.Feng,Plant 14(1): 6. 2026 [27 Jan 2026] [epublished],Aeonium,isonym,Crassulaceae × Greenonium lajense O.Arango,(O.Arango)
wfo-1000087912,urn:lsid:ipni.org:names:77375904-1,Iridaceae,Iris × catharinae,(D.Dubovik) Z.H.Feng,Plant 14(1): 6. 2026 [27 Jan 2026] [epublished],Iris,,Iridaceae Iridodictyum × catharinae D.Dubovik,(D.Dubovik)
wfo-1000087913,urn:lsid:ipni.org:names:77375905-1,Iridaceae,Iris × georgiae,(D.Dubovik) Z.H.Feng,Plant 14(1): 6. 2026 [27 Jan 2026] [epublished],Iris,,Iridaceae Iridodictyum × georgiae D.Dubovik,(D.Dubovik)
wfo-1000087914,urn:lsid:ipni.org:names:77375906-1,Iridaceae,Iris × grodnensis,(D.Dubovik) Z.H.Feng,Plant 14(1): 6. 2026 [27 Jan 2026] [epublished],Iris,,Iridaceae Juno × grodnensis D.Dubovik,(D.Dubovik)
wfo-1000087915,urn:lsid:ipni.org:names:77375907-1,Lamiaceae,Micromeria × tenerifolia,(R.H.Willemse) Z.H.Feng,Plant 14(1): 6. 2026 [27 Jan 2026] [epublished],Micromeria,,Lamiaceae Satureja × tenerifolia R.H.Willemse,(R.H.Willemse)
wfo-1000087916,urn:lsid:ipni.org:names:77375908-1,Lamiaceae,Micromeria × tenevaria,(R.H.Willemse) Z.H.Feng,Plant 14(1): 6. 2026 [27 Jan 2026] [epublished],Micromeria,,Lamiaceae Satureja × tenevaria R.H.Willemse,(R.H.Willemse)
wfo-1000087917,urn:lsid:ipni.org:names:77375909-1,Marantaceae,Calathea × helenae,(Carrière) Z.H.Feng,Plant 14(1): 6. 2026 [27 Jan 2026] [epublished],Calathea,,Marantaceae Maranta × helenae Carrière,(Carrière)
wfo-1000087918,urn:lsid:ipni.org:names:77375910-1,Melanthiaceae,× Pseudillium crockerianum,(Halda) Z.H.Feng,Plant 14(1): 6. 2026 [27 Jan 2026] [epublished],Pseudillium,,Trilliaceae Trillium × crockerianum Halda,(Halda)
wfo-1000087992,urn:lsid:ipni.org:names:77375999-1,Globulariaceae,Globularia × gomezcasaresii,"(Carlón, M.Laínz, Moreno Mor., Rodr.Berd. & Ó.Sánchez) Z.H.Feng",Plant 14(1): 9. 2026 [27 Jan 2026] [epublished],Globularia,,"Globulariaceae Globularia × montiberica G.López nothosubsp. gomezcasaresii Carlón, M.Laínz, Moreno Mor., Rodr.Berd. & Ó.Sánchez","(Carlón, M.Laínz, Moreno Mor., Rodr.Berd. & Ó.Sánchez)"
wfo-1000087997,urn:lsid:ipni.org:names:77376004-1,Primulaceae,Evotrochis × jenensis,(O.Schwarz) Z.H.Feng,Plant 14(1): 9. 2026 [27 Jan 2026] [epublished],Evotrochis,,Primulaceae Primula × jenensis O.Schwarz,(O.Schwarz)
wfo-1000087998,urn:lsid:ipni.org:names:77376005-1,Ranunculaceae,× Rankwithia aconitoides,(Rouy) Z.H.Feng,Plant 14(1): 9. 2026 [27 Jan 2026] [epublished],Rankwithia,,Ranunculaceae Ranunculus × aconitoides Rouy,(Rouy)
wfo-1000087999,urn:lsid:ipni.org:names:77376006-1,Ranunculaceae,× Rankwithia algidus,(Brügger) Z.H.Feng,Plant 14(1): 9. 2026 [27 Jan 2026] [epublished],Rankwithia,,Ranunculaceae Ranunculus × algidus Brügger,(Brügger)
wfo-1000088000,urn:lsid:ipni.org:names:77376007-1,Ranunculaceae,Ranunculus × udmurtiensis,Z.H.Feng,Plant 14(1): 10. 2026 [27 Jan 2026] [epublished],Ranunculus,,,
wfo-1000088001,urn:lsid:ipni.org:names:77376008-1,Rosaceae,Aria × pseudoporrigentiformis,(T.C.G.Rich & L.Houston) Z.H.Feng,Plant 14(1): 10. 2026 [27 Jan 2026] [epublished],Aria,,Rosaceae Sorbus × pseudoporrigentiformis T.C.G.Rich & L.Houston,(T.C.G.Rich & L.Houston)
wfo-1000088002,urn:lsid:ipni.org:names:77376009-1,Rosaceae,× Tormaria kitaibeliana,(Baksay & Kárpáti) Z.H.Feng,Plant 14(1): 10. 2026 [27 Jan 2026] [epublished],Tormaria,,Rosaceae Sorbus × kitaibeliana Baksay & Kárpáti,(Baksay & Kárpáti)
wfo-1000088003,urn:lsid:ipni.org:names:77376010-1,Saxifragaceae,× Mitarella grayana,(Engl.) Z.H.Feng,Plant 14(1): 10. 2025 [27 Jan 2025] [epublished],Mitarella,,Saxifragaceae Mitella × grayana Engl.,(Engl.)
wfo-1000088004,urn:lsid:ipni.org:names:77376011-1,Saxifragaceae,× Mitarella tiarelloides,(Engl.) Z.H.Feng,Plant 14(1): 10. 2026 [27 Jan 2026] [epublished],Mitarella,,Saxifragaceae Mitella × tiarelloides Engl.,(Engl.)
wfo-1200116638,urn:lsid:ipni.org:names:77376014-1,Amaryllidaceae,Narcissus bulbocodium nothovar. abulensis,(Fern.Casas) Z.H.Feng,Plant 14(1): 10. 2026 [27 Jan 2026] [epublished],Narcissus,,Amaryllidaceae Narcissus × abulensis Fern.Casas,(Fern.Casas)
wfo-1200116639,urn:lsid:ipni.org:names:77376015-1,Amaryllidaceae,Narcissus × ernii nothovar. guadalupensis,(Fern.Casas) Z.H.Feng,Plant 14(1): 10. 2026 [27 Jan 2026] [epublished],Narcissus,,Amaryllidaceae Narcissus × guadalupensis Fern.Casas,(Fern.Casas)
wfo-1200116640,urn:lsid:ipni.org:names:77376016-1,Amaryllidaceae,Narcissus × jalamensis nothosubsp. sanabrensis,"(Patino, Urrutia & J.Valencia) Z.H.Feng",Plant 14(1): 10. 2026 [27 Jan 2026] [epublished],Narcissus,,"Amaryllidaceae Narcissus × brevitubulosus A.Fern. nothosubsp. sanabrensis Patino, Urrutia & J.Valencia","(Patino, Urrutia & J.Valencia)"
wfo-1200116641,urn:lsid:ipni.org:names:77376017-1,Apiaceae,Pimpinella saxifraga nothosubsp. subnigra,(Tzvelev) Z.H.Feng,Plant 14(1): 10. 2026 [27 Jan 2026] [epublished],Pimpinella,,Apiaceae Pimpinella × subnigra Tzvelev,(Tzvelev)
wfo-1200116642,urn:lsid:ipni.org:names:77376018-1,Cistaceae,Fumana ericoides nothosubsp. saguntina,(Pérez Dacosta) Z.H.Feng,Plant 14(1): 10. 2026 [27 Jan 2026] [epublished],Fumana,,Cistaceae Fumana × saguntina Pérez Dacosta,(Pérez Dacosta)
wfo-1200116643,urn:lsid:ipni.org:names:77376019-1,Cistaceae,Helianthemum apenninum nothosubsp. serranicum,(Mateo) Z.H.Feng,Plant 14(1): 10. 2026 [27 Jan 2026] [epublished],Helianthemum,,Cistaceae Helianthemum × serranicum Mateo,(Mateo)
wfo-1200116644,urn:lsid:ipni.org:names:77376020-1,Cistaceae,Helianthemum cinereum nothosubsp. pseudocinereum,(Pérez Dacosta & Mateo) Z.H.Feng,Plant 14(1): 10. 2026 [27 Jan 2026] [epublished],Helianthemum,,Cistaceae Helianthemum × pseudocinereum Pérez Dacosta & Mateo,(Pérez Dacosta & Mateo)
wfo-1200116645,urn:lsid:ipni.org:names:77376021-1,Crassulaceae,Crassula alpestris nothosubsp. acocksii,(P.V.Heath) Z.H.Feng,Plant 14(1): 10. 2026 [27 Jan 2026] [epublished],Crassula,,Crassulaceae Tetraphyle alpestris (Thunb.) P.V.Heath nothovar. acocksii P.V.Heath,(P.V.Heath)
wfo-1200116647,urn:lsid:ipni.org:names:77376023-1,Lamiaceae,Clinopodium nepeta nothosubsp. padureanum,(Rottenst.) Z.H.Feng,Plant 14(1): 10. 2026 [27 Jan 2026] [epublished],Clinopodium,,Lamiaceae Clinopodium × padureanum Rottenst.,(Rottenst.)
wfo-1200116648,urn:lsid:ipni.org:names:77376024-1,Lamiaceae,Mentha spicata nothosubsp. vergoereri,(Starm.) Z.H.Feng,Plant 14(1): 10. 2026 [27 Jan 2026] [epublished],Mentha,,Lamiaceae Mentha × vergoereri Starm.,(Starm.)
wfo-1200116649,urn:lsid:ipni.org:names:77376025-1,Lamiaceae,Salvia officinalis nothosubsp. albaladejitoi,"(G.Ortiz, Herráiz, García Cardo, Melero & Raúl Sánchez) Z.H.Feng",Plant 14(1): 10. 2026 [27 Jan 2026] [epublished],Salvia,,"Lamiaceae Salvia × accidentalis Sánchez-Gómez & R.Morales nothosubsp. albaladejitoi G.Ortiz, Herráiz, García Cardo, Melero & Raúl Sánchez","(G.Ortiz, Herráiz, García Cardo, Melero & Raúl Sánchez)"
wfo-1000088005,urn:lsid:ipni.org:names:77376176-1,Lamiaceae,Monarda reedii,Floden & J.F.Towns.,Phytotaxa 739(3): 264. 2026 [30 Jan 2026] [epublished],Monarda,,,
wfo-1200116756,urn:lsid:ipni.org:names:77376208-1,Ranunculaceae,Delphinium hispanicum,Reut. ex Costa,Anales Soc. Esp. Hist. Nat. 2: 26. 1873 ,Delphinium,pro syn.    of Delphinium loscosii Costa,,
wfo-1200116757,urn:lsid:ipni.org:names:77376253-1,Ranunculaceae,Consolida orientalis subsp. hispanica,(Willk. ex Costa) Schrödinger,"Abh. K. K. Zool.-Bot. Ges. Wien 4(5): 8, fig. 3c, 62. 1909 ",Consolida,,Ranunculaceae Delphinium hispanicum Willk. ex Costa,(Willk. ex Costa)
